#
# A fatal error has been detected by the Java Runtime Environment:
#
#  EXCEPTION_ACCESS_VIOLATION (0xc0000005) at pc=0x00007ffd90e5b656, pid=1544, tid=7084
#
# JRE version: OpenJDK Runtime Environment Temurin-25.0.2+10 (25.0.2+10) (build 25.0.2+10-LTS)
# Java VM: OpenJDK 64-Bit Server VM Temurin-25.0.2+10 (25.0.2+10-LTS, mixed mode, sharing, tiered, compressed oops, compressed class ptrs, g1 gc, windows-amd64)
# Problematic frame:
# C  [awt.dll+0xdb656]
#
# No core dump will be written. Minidumps are not enabled by default on client versions of Windows
#
# If you would like to submit a bug report, please visit:
#   https://github.com/adoptium/adoptium-support/issues
# The crash happened outside the Java Virtual Machine in native code.
# See problematic frame for where to report the bug.
#

---------------  S U M M A R Y ------------

Command Line: -XX:+ShowCodeDetailsInExceptionMessages GUI.DangNhapUi

Host: 13th Gen Intel(R) Core(TM) i5-13500H, 16 cores, 15G,  Windows 11 , 64 bit Build 26100 (10.0.26100.8328)
Time: Mon May 25 00:27:16 2026 SE Asia Standard Time elapsed time: 736021.671235 seconds (8d 12h 27m 1s)

---------------  T H R E A D  ---------------

Current thread (0x00000198244cc310):  JavaThread "AWT-EventQueue-0"        [_thread_in_native, id=7084, stack(0x00000048de400000,0x00000048de500000) (1024K)]

Stack: [0x00000048de400000,0x00000048de500000],  sp=0x00000048de4ff1d0,  free space=1020k
Native frames: (J=compiled Java code, j=interpreted, Vv=VM code, C=native code)
C  [awt.dll+0xdb656]  (no source info available)
C  [awt.dll+0xdceb2]  (no source info available)
C  0x000001980fe8d193  (no source info available)

The last pc belongs to native method entry point (kind = native) (printed below).
Java frames: (J=compiled Java code, j=interpreted, Vv=VM code)
j  sun.awt.Win32GraphicsDevice.initNativeScale(I)V+0 java.desktop@25.0.2
j  sun.awt.Win32GraphicsDevice.initScaleFactors()V+60 java.desktop@25.0.2
j  sun.awt.Win32GraphicsDevice.displayChanged()V+16 java.desktop@25.0.2
j  sun.awt.Win32GraphicsEnvironment.displayChanged()V+271 java.desktop@25.0.2
j  sun.awt.windows.WToolkit.lambda$displayChanged$0()V+15 java.desktop@25.0.2
j  sun.awt.windows.WToolkit$$Lambda+0x000000001d36e288.run()V+0 java.desktop@25.0.2
J 8705 c2 java.awt.EventDispatchThread.pumpOneEventForFilters(I)V java.desktop@25.0.2 (106 bytes) @ 0x0000019810b36468 [0x0000019810b35880+0x0000000000000be8]
J 8733% c2 java.awt.EventDispatchThread.pumpEventsForFilter(ILjava/awt/Conditional;Ljava/awt/EventFilter;)V java.desktop@25.0.2 (47 bytes) @ 0x0000019810b4a0b4 [0x0000019810b4a000+0x00000000000000b4]
j  java.awt.EventDispatchThread.pumpEventsForHierarchy(ILjava/awt/Conditional;Ljava/awt/Component;)V+11 java.desktop@25.0.2
j  java.awt.EventDispatchThread.pumpEvents(ILjava/awt/Conditional;)V+4 java.desktop@25.0.2
j  java.awt.EventDispatchThread.pumpEvents(Ljava/awt/Conditional;)V+3 java.desktop@25.0.2
j  java.awt.EventDispatchThread.run()V+9 java.desktop@25.0.2
v  ~StubRoutines::call_stub 0x000001980fe812ed

siginfo: EXCEPTION_ACCESS_VIOLATION (0xc0000005), reading address 0x0000000000000081


Registers:
RAX=0x0000000000000031, RBX=0x0000019829ccb060, RCX=0x0000000000000031, RDX=0x0000000000000000
RSP=0x00000048de4ff1d0, RBP=0x00000048de4ff2b0, RSI=0x0000000000000001, RDI=0x0000000000000000
R8 =0x0000000000000001, R9 =0x00000048dc960000, R10=0x000001980fe8d233, R11=0x0000000000000100
R12=0x0000000000000000, R13=0x0000019820255000, R14=0x00000048de4ff2d8, R15=0x00000198244cc310
RIP=0x00007ffd90e5b656, EFLAGS=0x0000000000010202

XMM[0]=0x0000000000000000 0x0000000000000000
XMM[1]=0x0000000000000000 0x00000000bf800000
XMM[2]=0x0000000000000000 0x0000000000000000
XMM[3]=0x0000000000000000 0x0000000000000000
XMM[4]=0x0000000000000000 0x0000000000000000
XMM[5]=0x0000000000000000 0x0000000000000000
XMM[6]=0x0000000000000000 0x0000000707601bc8
XMM[7]=0x0000000000000000 0x0000000707601ba8
XMM[8]=0x0000000000000000 0x000000070790cd60
XMM[9]=0x0000000000000000 0x00000000fff93e85
XMM[10]=0x0000000000000000 0x00000000e122dc1a
XMM[11]=0x0000000000000000 0x00000000e122dc2c
XMM[12]=0x0000000000000000 0x000000070916df30
XMM[13]=0x0000000000000000 0x000000070916e040
XMM[14]=0x0000000000000000 0x000000070916e040
XMM[15]=0x0000000000000000 0x000000070916e0d0
  MXCSR=0x00001fa7


Register to memory mapping:

RAX=0x0000000000000031 is an unknown value
RBX=0x0000019829ccb060 points into unknown readable memory: 0x0000019828c4e410 | 10 e4 c4 28 98 01 00 00
RCX=0x0000000000000031 is an unknown value
RDX=0x0 is null
RSP=0x00000048de4ff1d0 is pointing into the stack for thread: 0x00000198244cc310
RBP=0x00000048de4ff2b0 is pointing into the stack for thread: 0x00000198244cc310
RSI=0x0000000000000001 is an unknown value
RDI=0x0 is null
R8 =0x0000000000000001 is an unknown value
R9 =0x00000048dc960000 points into unknown readable memory: 0x0000000000000000 | 00 00 00 00 00 00 00 00
R10=0x000001980fe8d233 is at code_begin+1139 in an Interpreter codelet
native method entry point (kind = native)  [0x000001980fe8cdc0, 0x000001980fe8d8b8]  2808 bytes
R11=0x0000000000000100 is an unknown value
R12=0x0 is null
R13={method} {0x0000019820255008} 'initNativeScale' '(I)V' in 'sun/awt/Win32GraphicsDevice'
R14=0x00000048de4ff2d8 is pointing into the stack for thread: 0x00000198244cc310
R15=0x00000198244cc310 is a thread

Top of Stack: (sp=0x00000048de4ff1d0)
0x00000048de4ff1d0:   0000019829ccb060 000001981f49fe30   `..)....0.I.....
0x00000048de4ff1e0:   00000048de4ff250 0000019829ccb060   P.O.H...`..)....
0x00000048de4ff1f0:   0000019829ccb060 00007ffd90e5ceb2   `..)............
0x00000048de4ff200:   00007ffd90eb9838 0000019820255000   8........P% ....
0x00000048de4ff210:   000000000000000c 00000198244cc310   ..........L$....
0x00000048de4ff220:   000001980fe88cb2 000001980fe8d193   ................
0x00000048de4ff230:   0000019820255000 0000000000000000   .P% ............
0x00000048de4ff240:   00000048de4ff2a0 00007ffd20c49a65   ..O.H...e.. ....
0x00000048de4ff250:   00000048de4ff2b0 00000198244cc310   ..O.H.....L$....
0x00000048de4ff260:   00000048de4ff290 fffffffffffffff7   ..O.H...........
0x00000048de4ff270:   0000000000000000 0000000000000005   ................
0x00000048de4ff280:   00000198202585a8 0000000000000000   ..% ............
0x00000048de4ff290:   000000070f5f4578 0000019820255000   xE_......P% ....
0x00000048de4ff2a0:   0000000000000000 00000048de4ff2d0   ..........O.H...
0x00000048de4ff2b0:   00000048de4ff328 000001980fe88b18   (.O.H...........
0x00000048de4ff2c0:   0000000000000000 000001980fe8a757   ........W.......
0x00000048de4ff2d0:   0000000000000000 0000000714034ac0   .........J......
0x00000048de4ff2e0:   fffffffffffffff7 0000019820255664   ........dV% ....
0x00000048de4ff2f0:   0000000000000002 00000198202585a8   ..........% ....
0x00000048de4ff300:   0000000000000000 000000070f5f4578   ........xE_.....
0x00000048de4ff310:   00000198202556b0 fffffffffffffff5   .V% ............
0x00000048de4ff320:   00000048de4ff338 00000048de4ff388   8.O.H.....O.H...
0x00000048de4ff330:   000001980fe88b18 0000000714034ac0   .........J......
0x00000048de4ff340:   fffffffffffffff7 0000019820256e20   ........ n% ....
0x00000048de4ff350:   0000000000000003 00000198202585a8   ..........% ....
0x00000048de4ff360:   0000000000000000 000000070f5f4578   ........xE_.....
0x00000048de4ff370:   0000019820256e68 fffffffffffffff6   hn% ............
0x00000048de4ff380:   00000048de4ff3a0 00000048de4ff3f0   ..O.H.....O.H...
0x00000048de4ff390:   000001980fe88b18 0000000000000000   ................
0x00000048de4ff3a0:   0000000714034ac0 fffffffffffffff7   .J..............
0x00000048de4ff3b0:   0000019820247d6f 0000000000000008   o}$ ............
0x00000048de4ff3c0:   000001982024bcd8 0000000000000000   ..$ ............

Instructions: (pc=0x00007ffd90e5b656)
  0x00007ffd90e5b556:   11 45 d4 0f 11 45 e4 0f 11 45 f4 89 45 04 c7 45
  0x00007ffd90e5b566:   a0 68 00 00 00 0f 11 44 24 34 0f 11 44 24 44 0f
  0x00007ffd90e5b576:   11 44 24 54 0f 11 44 24 64 0f 11 44 24 74 0f 11
  0x00007ffd90e5b586:   45 84 89 45 94 c7 44 24 30 68 00 00 00 48 8d 55
  0x00007ffd90e5b596:   a0 49 8b ce ff 15 f0 73 06 00 85 c0 74 41 48 8d
  0x00007ffd90e5b5a6:   54 24 30 48 8b ce ff 15 de 73 06 00 85 c0 74 2f
  0x00007ffd90e5b5b6:   48 8d 54 24 34 48 8d 4d a4 ff 15 13 73 06 00 85
  0x00007ffd90e5b5c6:   c0 74 1c 48 8d 54 24 44 48 8d 4d b4 ff 15 00 73
  0x00007ffd90e5b5d6:   06 00 85 c0 74 09 8b 44 24 54 39 45 c4 74 11 ff
  0x00007ffd90e5b5e6:   c7 3b 7b 0c 0f 8c 40 ff ff ff 8b 3d 7a ae 06 00
  0x00007ffd90e5b5f6:   48 8b cb e8 e2 cd f4 ff 90 8b c7 48 8b 4d 10 48
  0x00007ffd90e5b606:   33 cc e8 03 f2 00 00 4c 8d 9c 24 20 01 00 00 49
  0x00007ffd90e5b616:   8b 5b 28 49 8b 73 30 49 8b e3 41 5e 5f 5d c3 cc
  0x00007ffd90e5b626:   cc cc cc cc cc cc cc cc cc cc 48 8b 41 08 48 8b
  0x00007ffd90e5b636:   80 18 0c 00 00 c3 cc cc cc cc 48 8b 41 08 48 05
  0x00007ffd90e5b646:   00 04 00 00 c3 cc cc cc cc cc 40 53 48 83 ec 20
=>0x00007ffd90e5b656:   83 79 50 00 48 8b d9 75 56 48 8b 49 28 4c 8d 44
  0x00007ffd90e5b666:   24 38 48 8d 54 24 30 c7 44 24 30 00 00 80 bf c7
  0x00007ffd90e5b676:   44 24 38 00 00 80 bf e8 ee cf 00 00 f3 0f 10 54
  0x00007ffd90e5b686:   24 30 0f 57 c0 0f 2f d0 76 25 f3 0f 10 4c 24 38
  0x00007ffd90e5b696:   0f 2f c8 76 1a f3 0f 5e 15 99 96 02 00 f3 0f 5e
  0x00007ffd90e5b6a6:   0d 91 96 02 00 f3 0f 11 53 48 f3 0f 11 4b 4c 48
  0x00007ffd90e5b6b6:   83 c4 20 5b c3 cc cc cc cc cc 48 89 5c 24 10 48
  0x00007ffd90e5b6c6:   89 74 24 18 48 89 7c 24 20 41 56 48 83 ec 40 48
  0x00007ffd90e5b6d6:   8b d9 48 83 79 18 00 75 14 b9 28 04 00 00 e8 17
  0x00007ffd90e5b6e6:   89 00 00 48 89 43 18 c7 00 28 00 00 00 48 8b 43
  0x00007ffd90e5b6f6:   18 45 33 f6 66 44 89 70 0e 48 8b 4b 28 e8 68 03
  0x00007ffd90e5b706:   00 00 48 8b f8 ba 01 00 00 00 44 8b c2 48 8b c8
  0x00007ffd90e5b716:   ff 15 14 6f 06 00 48 8b f0 44 89 74 24 30 48 8b
  0x00007ffd90e5b726:   4b 18 48 89 4c 24 28 4c 89 74 24 20 41 b9 01 00
  0x00007ffd90e5b736:   00 00 45 33 c0 48 8b d0 48 8b cf ff 15 09 6e 06
  0x00007ffd90e5b746:   00 48 8b 53 30 48 8b 0b 83 79 04 08 0f 8e 0f 02


Stack slot to memory mapping:

stack at sp + 0 slots: 0x0000019829ccb060 points into unknown readable memory: 0x0000019828c4e410 | 10 e4 c4 28 98 01 00 00
stack at sp + 1 slots: 0x000001981f49fe30 points into unknown readable memory: 0x0000000000000058 | 58 00 00 00 00 00 00 00
stack at sp + 2 slots: 0x00000048de4ff250 is pointing into the stack for thread: 0x00000198244cc310
stack at sp + 3 slots: 0x0000019829ccb060 points into unknown readable memory: 0x0000019828c4e410 | 10 e4 c4 28 98 01 00 00
stack at sp + 4 slots: 0x0000019829ccb060 points into unknown readable memory: 0x0000019828c4e410 | 10 e4 c4 28 98 01 00 00
stack at sp + 5 slots: 0x00007ffd90e5ceb2 awt.dll
stack at sp + 6 slots: 0x00007ffd90eb9838 awt.dll
stack at sp + 7 slots: {method} {0x0000019820255008} 'initNativeScale' '(I)V' in 'sun/awt/Win32GraphicsDevice'

Lock stack of current Java thread (top to bottom):

native method entry point (kind = native)  [0x000001980fe8cdc0, 0x000001980fe8d8b8]  2808 bytes
[MachCode]
  0x000001980fe8cdc0: 488b 4b08 | 0fb7 492e | 584c 8d74 | ccf8 6800 | 0000 0068 | 0000 0000 | 5055 488b | ec41 5548 
  0x000001980fe8cde0: 8b43 084c | 8d68 3848 | 8b40 0868 | 0000 0000 | 5348 8b50 | 1848 8b52 | 7048 8b12 | 5248 8b53 
  0x000001980fe8ce00: 1048 85d2 | 7407 4881 | c2d0 0000 | 0052 488b | 5010 5249 | 8bc6 482b | c548 c1e8 | 0350 6800 
  0x000001980fe8ce20: 0000 0068 | f7ff ffff | 41c6 87f1 | 0400 0001 | 488b 4310 | 4885 c074 | 208b 8890 | 0000 0083 
  0x000001980fe8ce40: c102 8988 | 9000 0000 | 2388 a400 | 0000 0f84 | b209 0000 | e9cf 0000 | 0048 8b43 | 1848 85c0 
  0x000001980fe8ce60: 0f85 b000 | 0000 e805 | 0000 00e9 | 9900 0000 | 488b d348 | 8d44 2408 | 4c89 6dc0 | 498b cfc5 
  0x000001980fe8ce80: f877 4989 | af38 0400 | 0049 8987 | 2804 0000 | 4883 ec20 | 40f6 c40f | 0f84 1900 | 0000 4883 
  0x000001980fe8cea0: ec08 48b8 | 0032 7220 | fd7f 0000 | ffd0 4883 | c408 e90c | 0000 0048 | b800 3272 | 20fd 7f00 
  0x000001980fe8cec0: 00ff d048 | 83c4 2049 | c787 2804 | 0000 0000 | 0000 49c7 | 8738 0400 | 0000 0000 | 0049 c787 
  0x000001980fe8cee0: 3004 0000 | 0000 0000 | c5f8 7749 | 837f 0800 | 0f84 0500 | 0000 e9e5 | 42ff ff4c | 8b6d c04c 
  0x000001980fe8cf00: 8b75 c84e | 8d74 f500 | c348 8b43 | 1848 85c0 | 0f84 1200 | 0000 8b48 | 0883 c102 | 8948 0823 
  0x000001980fe8cf20: 482c 0f84 | de08 0000 | 493b a770 | 0500 000f | 8748 0000 | 0089 8424 | 00f0 ffff | 8984 2400 
  0x000001980fe8cf40: e0ff ff89 | 8424 00d0 | ffff 8984 | 2400 c0ff | ff89 8424 | 00b0 ffff | 8984 2400 | a0ff ff89 
  0x000001980fe8cf60: 8424 0090 | ffff 8984 | 2400 80ff | ff49 3ba7 | 6805 0000 | 7607 4989 | a770 0500 | 0041 c687 
  0x000001980fe8cf80: f104 0000 | 0048 8b5d | e84c 8b5b | 0845 0fb7 | 5b2e 41c1 | e303 492b | e348 83ec | 2048 83e4 
  0x000001980fe8cfa0: f04c 8b5b | 604d 85db | 0f85 ab00 | 0000 e805 | 0000 00e9 | 9900 0000 | 488b d348 | 8d44 2408 
  0x000001980fe8cfc0: 4c89 6dc0 | 498b cfc5 | f877 4989 | af38 0400 | 0049 8987 | 2804 0000 | 4883 ec20 | 40f6 c40f 
  0x000001980fe8cfe0: 0f84 1900 | 0000 4883 | ec08 48b8 | 305b 7220 | fd7f 0000 | ffd0 4883 | c408 e90c | 0000 0048 
  0x000001980fe8d000: b830 5b72 | 20fd 7f00 | 00ff d048 | 83c4 2049 | c787 2804 | 0000 0000 | 0000 49c7 | 8738 0400 
  0x000001980fe8d020: 0000 0000 | 0049 c787 | 3004 0000 | 0000 0000 | c5f8 7749 | 837f 0800 | 0f84 0500 | 0000 e99d 
  0x000001980fe8d040: 41ff ff4c | 8b6d c04c | 8b75 c84e | 8d74 f500 | c348 8b5d | e84c 8b5b | 6041 ffd3 | 488b 5de8 
  0x000001980fe8d060: 4889 4518 | 440f b75b | 2c41 f6c3 | 080f 841b | 0000 004c | 8b5b 084d | 8b5b 084d | 8b5b 184d 
  0x000001980fe8d080: 8b5b 704d | 8b1b 4c89 | 5d10 488d | 5510 488b | 4358 49ba | 302f ad20 | fd7f 0000 | 493b c20f 
  0x000001980fe8d0a0: 85ab 0000 | 00e8 0500 | 0000 e999 | 0000 0048 | 8bd3 488d | 4424 084c | 896d c049 | 8bcf c5f8 
  0x000001980fe8d0c0: 7749 89af | 3804 0000 | 4989 8728 | 0400 0048 | 83ec 2040 | f6c4 0f0f | 8419 0000 | 0048 83ec 
  0x000001980fe8d0e0: 0848 b830 | 5b72 20fd | 7f00 00ff | d048 83c4 | 08e9 0c00 | 0000 48b8 | 305b 7220 | fd7f 0000 
  0x000001980fe8d100: ffd0 4883 | c420 49c7 | 8728 0400 | 0000 0000 | 0049 c787 | 3804 0000 | 0000 0000 | 49c7 8730 
  0x000001980fe8d120: 0400 0000 | 0000 00c5 | f877 4983 | 7f08 000f | 8405 0000 | 00e9 a640 | ffff 4c8b | 6dc0 4c8b 
  0x000001980fe8d140: 75c8 4e8d | 74f5 00c3 | 488b 5de8 | 488b 4358 | 498d 8f48 | 0400 004c | 8d15 d500 | 0000 4d89 
  0x000001980fe8d160: 9730 0400 | 00c5 f877 | 4989 af38 | 0400 0049 | 89a7 2804 | 0000 41c7 | 87d4 0400 | 0004 0000 
  0x000001980fe8d180: 0049 3ba7 | c805 0000 | 7607 4989 | a7c8 0500 | 00ff d049 | 3ba7 c805 | 0000 720b | 49c7 87c8 
  0x000001980fe8d1a0: 0500 0000 | 0000 00c5 | f877 4883 | ec10 c5fb | 1104 2448 | 83ec 1048 | 8904 2448 | c744 2408 
  0x000001980fe8d1c0: 0000 0000 | 41c7 87d4 | 0400 0005 | 0000 00f0 | 8344 24c0 | 0049 3b6f | 280f 870e | 0000 0041 
  0x000001980fe8d1e0: 83bf d004 | 0000 000f | 8420 0000 | 0049 8bcf | 4c8b e448 | 83ec 2048 | 83e4 f048 | b8b0 c173 
  0x000001980fe8d200: 20fd 7f00 | 00ff d049 | 8be4 4d33 | e441 c787 | d404 0000 | 0800 0000 | 4d8b 97f0 | 0500 0049 
  0x000001980fe8d220: 83fa 0074 | 3549 c787 | f005 0000 | 0000 0000 | 41ff e249 | ba60 bee8 | 0f98 0100 | 0041 ffd2 
  0x000001980fe8d240: 4883 ec10 | c5fb 1104 | 2448 83ec | 1048 8904 | 2448 c744 | 2408 0000 | 0000 49c7 | 8728 0400 
  0x000001980fe8d260: 0000 0000 | 0049 c787 | 3804 0000 | 0000 0000 | 49c7 8730 | 0400 0000 | 0000 00c5 | f877 4d8b 
  0x000001980fe8d280: 9fb8 0400 | 0041 c783 | 0001 0000 | 0000 0000 | 49bb 5aa7 | e80f 9801 | 0000 4c3b | 5d18 0f85 
  0x000001980fe8d2a0: 5501 0000 | 488b 0424 | 4883 c410 | 4885 c00f | 842f 0100 | 00a8 030f | 8508 0000 | 0048 8b00 
  0x000001980fe8d2c0: e91f 0100 | 00a8 010f | 8509 0000 | 0048 8b40 | fee9 0e01 | 0000 488b | 40ff 4180 | 7f48 000f 
  0x000001980fe8d2e0: 84ff 0000 | 0048 83f8 | 000f 84f5 | 0000 004d | 8b5f 384d | 85db 0f84 | 1400 0000 | 4983 eb08 
  0x000001980fe8d300: 4d89 5f38 | 4d03 5f40 | 4989 03e9 | d400 0000 | 4883 ec70 | 4889 0424 | 4889 4c24 | 0848 8954 
  0x000001980fe8d320: 2410 4c89 | 4424 184c | 894c 2420 | 4c89 5424 | 284c 895c | 2430 c5fb | 1144 2440 | c5fb 114c 
  0x000001980fe8d340: 2448 c5fb | 1154 2450 | c5fb 115c | 2458 c5fb | 1164 2460 | c5fb 116c | 2468 498b | d748 8bc8 
  0x000001980fe8d360: 4883 ec20 | 40f6 c40f | 0f84 1900 | 0000 4883 | ec08 48b8 | d081 6620 | fd7f 0000 | ffd0 4883 
  0x000001980fe8d380: c408 e90c | 0000 0048 | b8d0 8166 | 20fd 7f00 | 00ff d048 | 83c4 20c5 | fb10 6c24 | 68c5 fb10 
  0x000001980fe8d3a0: 6424 60c5 | fb10 5c24 | 58c5 fb10 | 5424 50c5 | fb10 4c24 | 48c5 fb10 | 4424 404c | 8b5c 2430 
  0x000001980fe8d3c0: 4c8b 5424 | 284c 8b4c | 2420 4c8b | 4424 1848 | 8b54 2410 | 488b 4c24 | 0848 8b04 | 2448 83c4 
  0x000001980fe8d3e0: 70c5 f877 | 4889 4510 | 4883 ec10 | 4889 0424 | 48c7 4424 | 0800 0000 | 0041 83bf | 5005 0000 
  0x000001980fe8d400: 020f 85bf | 0000 0048 | 81ec 8000 | 0000 4889 | 4424 7848 | 894c 2470 | 4889 5424 | 6848 895c 
  0x000001980fe8d420: 2460 4889 | 6c24 5048 | 8974 2448 | 4889 7c24 | 404c 8944 | 2438 4c89 | 4c24 304c | 8954 2428 
  0x000001980fe8d440: 4c89 5c24 | 204c 8964 | 2418 4c89 | 6c24 104c | 8974 2408 | 4c89 3c24 | 4c8b e448 | 83ec 2048 
  0x000001980fe8d460: 83e4 f048 | b8a0 16ad | 20fd 7f00 | 00ff d049 | 8be4 4c8b | 3c24 4c8b | 7424 084c | 8b6c 2410 
  0x000001980fe8d480: 4c8b 6424 | 184c 8b5c | 2420 4c8b | 5424 284c | 8b4c 2430 | 4c8b 4424 | 3848 8b7c | 2440 488b 
  0x000001980fe8d4a0: 7424 4848 | 8b6c 2450 | 488b 5c24 | 6048 8b54 | 2468 488b | 4c24 7048 | 8b44 2478 | 4881 c480 
  0x000001980fe8d4c0: 0000 004d | 33e4 488b | 5de8 4c8b | 6b08 4d8d | 6d38 4983 | 7f08 000f | 84bb 0000 | 00e8 0500 
  0x000001980fe8d4e0: 0000 e996 | 0000 0048 | 8d44 2408 | 4c89 6dc0 | 498b cfc5 | f877 4989 | af38 0400 | 0049 8987 
  0x000001980fe8d500: 2804 0000 | 4883 ec20 | 40f6 c40f | 0f84 1900 | 0000 4883 | ec08 48b8 | 7079 7220 | fd7f 0000 
  0x000001980fe8d520: ffd0 4883 | c408 e90c | 0000 0048 | b870 7972 | 20fd 7f00 | 00ff d048 | 83c4 2049 | c787 2804 
  0x000001980fe8d540: 0000 0000 | 0000 49c7 | 8738 0400 | 0000 0000 | 0049 c787 | 3004 0000 | 0000 0000 | c5f8 7749 
  0x000001980fe8d560: 837f 0800 | 0f84 0500 | 0000 e971 | 3cff ff4c | 8b6d c04c | 8b75 c84e | 8d74 f500 | c348 b970 
  0x000001980fe8d580: 00df 20fd | 7f00 0048 | 83e4 f048 | b870 9099 | 20fd 7f00 | 00ff d0f4 | 440f b75b | 2c41 f6c3 
  0x000001980fe8d5a0: 200f 8472 | 0100 0048 | 8d55 a84c | 8b5a 084d | 85db 0f85 | bb00 0000 | e805 0000 | 00e9 9600 
  0x000001980fe8d5c0: 0000 488d | 4424 084c | 896d c049 | 8bcf c5f8 | 7749 89af | 3804 0000 | 4989 8728 | 0400 0048 
  0x000001980fe8d5e0: 83ec 2040 | f6c4 0f0f | 8419 0000 | 0048 83ec | 0848 b8a0 | 7872 20fd | 7f00 00ff | d048 83c4 
  0x000001980fe8d600: 08e9 0c00 | 0000 48b8 | a078 7220 | fd7f 0000 | ffd0 4883 | c420 49c7 | 8728 0400 | 0000 0000 
  0x000001980fe8d620: 0049 c787 | 3804 0000 | 0000 0000 | 49c7 8730 | 0400 0000 | 0000 00c5 | f877 4983 | 7f08 000f 
  0x000001980fe8d640: 8405 0000 | 00e9 963b | ffff 4c8b | 6dc0 4c8b | 75c8 4e8d | 74f5 00c3 | 48b9 7000 | df20 fd7f 
  0x000001980fe8d660: 0000 4883 | e4f0 48b8 | 7090 9920 | fd7f 0000 | ffd0 f44c | 896d c04c | 8b4a 0848 | c742 0800 
  0x000001980fe8d680: 0000 0045 | 8b87 d806 | 0000 4f3b | 4c07 f80f | 8542 0000 | 0041 83af | d806 0000 | 084f 3b4c 
  0x000001980fe8d6a0: 07f0 0f84 | 2a00 0000 | 498b 01a8 | 020f 8512 | 0000 004c | 8bc0 4983 | c801 f04d | 0fb1 010f 
  0x000001980fe8d6c0: 840d 0000 | 0041 8387 | d806 0000 | 08e9 0500 | 0000 e93e | 0000 004c | 894a 0848 | 8bca 4883 
  0x000001980fe8d6e0: ec20 40f6 | c40f 0f84 | 1900 0000 | 4883 ec08 | 48b8 f04a | 7220 fd7f | 0000 ffd0 | 4883 c408 
  0x000001980fe8d700: e90c 0000 | 0048 b8f0 | 4a72 20fd | 7f00 00ff | d048 83c4 | 204c 8b6d | c041 c687 | 9603 0000 
  0x000001980fe8d720: 0149 3b6f | 280f 8705 | 0000 00e9 | ab00 0000 | 4883 ec10 | c5fb 1104 | 2448 83ec | 1048 8904 
  0x000001980fe8d740: 2448 c744 | 2408 0000 | 0000 c5f8 | 7749 89af | 3804 0000 | 49ba 4ad7 | e80f 9801 | 0000 4d89 
  0x000001980fe8d760: 9730 0400 | 0049 89a7 | 2804 0000 | 498b cf48 | 83ec 2040 | f6c4 0f0f | 8419 0000 | 0048 83ec 
  0x000001980fe8d780: 0848 b890 | 3172 20fd | 7f00 00ff | d048 83c4 | 08e9 0c00 | 0000 48b8 | 9031 7220 | fd7f 0000 
  0x000001980fe8d7a0: ffd0 4883 | c420 49c7 | 8728 0400 | 0000 0000 | 0049 c787 | 3804 0000 | 0000 0000 | 49c7 8730 
  0x000001980fe8d7c0: 0400 0000 | 0000 00c5 | f877 488b | 0424 4883 | c410 c5fb | 1004 2448 | 83c4 1048 | 8b04 2448 
  0x000001980fe8d7e0: 83c4 10c5 | fb10 0424 | 4883 c410 | 4c8b 5d18 | 41ff d34c | 8b5d f8c9 | 41c6 8796 | 0300 0000 
  0x000001980fe8d800: 5f49 8be3 | ffe7 ba00 | 0000 00e8 | 0500 0000 | e996 0000 | 0048 8d44 | 2408 4c89 | 6dc0 498b 
  0x000001980fe8d820: cfc5 f877 | 4989 af38 | 0400 0049 | 8987 2804 | 0000 4883 | ec20 40f6 | c40f 0f84 | 1900 0000 
  0x000001980fe8d840: 4883 ec08 | 48b8 e040 | 7220 fd7f | 0000 ffd0 | 4883 c408 | e90c 0000 | 0048 b8e0 | 4072 20fd 
  0x000001980fe8d860: 7f00 00ff | d048 83c4 | 2049 c787 | 2804 0000 | 0000 0000 | 49c7 8738 | 0400 0000 | 0000 0049 
  0x000001980fe8d880: c787 3004 | 0000 0000 | 0000 c5f8 | 7749 837f | 0800 0f84 | 0500 0000 | e943 39ff | ff4c 8b6d 
  0x000001980fe8d8a0: c04c 8b75 | c84e 8d74 | f500 c348 | 8b5d e8e9 | 74f6 ffff | 0f1f 4000 
[/MachCode]

Compiled method (c2) 736021898 8705   !   4       java.awt.EventDispatchThread::pumpOneEventForFilters (106 bytes)
 total in heap  [0x0000019810b35788,0x0000019810b38a38] = 12976
 main code      [0x0000019810b35880,0x0000019810b38920] = 12448
 stub code      [0x0000019810b38920,0x0000019810b38a18] = 248
 oops           [0x0000019810b38a18,0x0000019810b38a38] = 32
 mutable data [0x000001981fc35e20,0x000001981fc36568] = 1864
 relocation     [0x000001981fc35e20,0x000001981fc361f8] = 984
 metadata       [0x000001981fc361f8,0x000001981fc36568] = 880
 immutable data [0x0000019826330490,0x0000019826331f00] = 6768
 dependencies   [0x0000019826330490,0x0000019826330590] = 256
 nul chk table  [0x0000019826330590,0x00000198263306c8] = 312
 handler table  [0x00000198263306c8,0x0000019826330920] = 600
 scopes pcs     [0x0000019826330920,0x0000019826331140] = 2080
 scopes data    [0x0000019826331140,0x0000019826331f00] = 3520

[Constant Pool (empty)]

[MachCode]
[Instructions begin]
  0x0000019810b35880: 6690 448b | 5208 443b 

  0x0000019810b35888: ;   {runtime_call Shared Runtime ic_miss_blob}
  0x0000019810b35888: 5008 0f85 | 5092 39ff 
[Verified Entry Point]
  0x0000019810b35890: 8984 2400 | 80ff ff55 | 4881 ec90 | 0000 0090 | 4181 7f20 | 0a00 0000 | 0f85 6130 | 0000 4889 
  0x0000019810b358b0: 5424 3041 | 83f8 ff0f | 8568 1b00 | 004d 8b97 | 1004 0000 | 498b 0a4c | 8b5c 2430 | 488d 9c24 
  0x0000019810b358d0: 8000 0000 | 4d8b 1341 | 8b9f d806 | 0000 41f6 | c202 0f85 | 3700 0000 | 81fb 2707 | 0000 0f8f 
  0x0000019810b358f0: 4b00 0000 | 4d3b 5c1f | f874 1649 | 8bc2 4883 | c801 4983 | e2fe f04d | 0fb1 130f | 852e 0000 
  0x0000019810b35910: 004d 891c | 1f41 8387 | d806 0000 | 08eb 1e48 | 33c0 498b | 9fc8 0400 | 00f0 490f | b15a 3e74 
  0x0000019810b35930: 0c48 3bd8 | 7509 49ff | 8286 0000 | 0033 c00f | 8537 1a00 | 0045 8b53 | 7048 8d84 | 2480 0000 
  0x0000019810b35950: 0041 8b87 | d806 0000 | 4d8b 0b4d | 3b5c 07f8 | 0f85 2e00 | 0000 4183 | afd8 0600 | 0008 4d3b 
  0x0000019810b35970: 5c07 f00f | 845f 0000 | 0049 8bc1 | 4883 e0fc | 4983 c901 | f04d 0fb1 

  0x0000019810b35988: ;   {other}
  0x0000019810b35988: 0b0f 8573 | 2f00 00e9 | 4400 0000 | 4983 b986 | 0000 0000 | 7533 49c7 | 413e 0000 | 0000 f083 
  0x0000019810b359a8: 4424 c000 | 4983 b98e | 0000 0000 | 7422 4983 | b99e 0000 | 0000 7518 | 4983 e1fd | 4d89 8fe8 
  0x0000019810b359c8: 0500 0041 | 83c9 01eb | 0a49 ff89 | 8600 0000 | 4533 c90f | 855b 1900 | 0047 8b4c | d444 4585 
  0x0000019810b359e8: c90f 84a1 | 1800 0048 | 894c 2438 | 4c89 5c24 | 3044 8944 | 2420 4b8d | 14cc 4f8d | 1cd4 4c89 
  0x0000019810b35a08: 5c24 4044 | 8954 2428 

  0x0000019810b35a10: ;   {oop("PostEventQueue"{0x0000000707601570})}
  0x0000019810b35a10: 49b8 7015 | 6007 0700 

  0x0000019810b35a18: ;   {optimized virtual_call}
  0x0000019810b35a18: 0000 90e8 

  0x0000019810b35a1c: ; ImmutableOopMap {[40]=NarrowOop [48]=Oop [56]=Oop [64]=Oop }
                      ;*invokevirtual get {reexecute=0 rethrow=0 return_oop=1}
                      ; - sun.awt.SunToolkit::flushPendingEvents@3 (line 501)
                      ; - java.awt.EventQueue::getNextEvent@4 (line 544)
                      ; - java.awt.EventDispatchThread::pumpOneEventForFilters@20 (line 190)
  0x0000019810b35a1c: 7069 b4ff 

  0x0000019810b35a20: ;   {post_call_nop}
  0x0000019810b35a20: 0f1f 8400 | 9802 0000 

  0x0000019810b35a28: ; implicit exception: dispatches to 0x0000019810b37b84
  0x0000019810b35a28: 448b 5008 

  0x0000019810b35a2c: ;   {metadata('sun/awt/PostEventQueue')}
  0x0000019810b35a2c: 4181 fa00 | 4a03 010f | 85ab 1f00 | 0048 8bd0 

  0x0000019810b35a3c: ;   {optimized virtual_call}
  0x0000019810b35a3c: 6666 90e8 

  0x0000019810b35a40: ; ImmutableOopMap {[40]=NarrowOop [48]=Oop [56]=Oop [64]=Oop }
                      ;*invokevirtual flush {reexecute=0 rethrow=0 return_oop=0}
                      ; - sun.awt.SunToolkit::flushPendingEvents@15 (line 503)
                      ; - java.awt.EventQueue::getNextEvent@4 (line 544)
                      ; - java.awt.EventDispatchThread::pumpOneEventForFilters@20 (line 190)
  0x0000019810b35a40: cce4 feff 

  0x0000019810b35a44: ;   {post_call_nop}
  0x0000019810b35a44: 0f1f 8400 | bc02 0001 | 448b 5424 | 2843 8b6c | d42c 458b 

  0x0000019810b35a58: ;   {metadata('java/util/concurrent/locks/ReentrantLock')}
  0x0000019810b35a58: 54ec 0841 | 81fa 0088 | 1d00 0f85 | 4a19 0000 | 4d8d 14ec | 458b 520c | 4585 d20f | 8433 1800 
  0x0000019810b35a78: 0033 c041 | b801 0000 | 00f0 470f | b144 d418 | 410f 94c3 | 450f b6db | 4585 db0f | 84e8 0b00 
  0x0000019810b35a98: 0048 8b4c | 2438 4f8d | 44d4 0c41 | 807f 4800 | 0f85 1626 | 0000 4c8b | c949 c1e9 | 0345 8908 
  0x0000019810b35ab8: 4d8b d84c | 33d9 49c1 | eb15 0f84 | 1e00 0000 | 4d8b d849 | c1eb 0949 | b900 20c0 | 1498 0100 
  0x0000019810b35ad8: 004d 03d9 | 4180 3b02 | 0f85 4626 | 0000 448b | 5c24 2847 | 8b44 dc20 

  0x0000019810b35af0: ; implicit exception: dispatches to 0x0000019810b371dc
  0x0000019810b35af0: 478b 54c4 | 0c41 83fa | 010f 86dd | 1600 0041 | 83fa 030f | 86d3 1600 | 0047 8b4c | c41c 478b 
  0x0000019810b35b10: 5ccc 0c45 | 85db 0f85 | c302 0000 | 4183 fa02 | 0f86 ce16 | 0000 478b | 54c4 1847 | 8b5c d40c 
  0x0000019810b35b30: 4585 db74 | 0949 c1e2 | 03e9 a502 | 0000 478b | 54c4 1447 | 8b5c d40c | 4585 db74 | 0949 c1e2 
  0x0000019810b35b50: 03e9 8d02 | 0000 478b 

  0x0000019810b35b58: ;   {other}
  0x0000019810b35b58: 54c4 1047 | 8b5c d40c | 4585 db74 | 0949 c1e2 | 03e9 7502 

  0x0000019810b35b6c: ;   {oop(a 'sun/awt/AWTAutoShutdown'{0x0000000707600988})}
  0x0000019810b35b6c: 0000 48ba | 8809 6007 | 0700 0000 | 448b 5424 | 2847 8b54 | d434 4d8b | c249 c1e0 

  0x0000019810b35b88: ;   {optimized virtual_call}
  0x0000019810b35b88: 0366 90e8 

  0x0000019810b35b8c: ; ImmutableOopMap {[40]=NarrowOop [48]=Oop [56]=Oop [64]=Oop }
                      ;*invokevirtual notifyThreadFree {reexecute=0 rethrow=0 return_oop=0}
                      ; - java.awt.EventQueue::getNextEvent@45 (line 551)
                      ; - java.awt.EventDispatchThread::pumpOneEventForFilters@20 (line 190)
  0x0000019810b35b8c: 00e6 ffff 

  0x0000019810b35b90: ;   {post_call_nop}
  0x0000019810b35b90: 0f1f 8400 | 0804 0002 | 448b 5c24 | 2843 8b6c | dc30 458b 

  0x0000019810b35ba4: ;   {metadata('java/util/concurrent/locks/AbstractQueuedSynchronizer$ConditionObject')}
  0x0000019810b35ba4: 54ec 0841 | 81fa 20d1 | 0101 0f85 | 901a 0000 | 498d 14ec 

  0x0000019810b35bb8: ;   {optimized virtual_call}
  0x0000019810b35bb8: 6666 90e8 

  0x0000019810b35bbc: ; ImmutableOopMap {[40]=NarrowOop [48]=Oop [56]=Oop [64]=Oop }
                      ;*invokeinterface await {reexecute=0 rethrow=0 return_oop=0}
                      ; - java.awt.EventQueue::getNextEvent@52 (line 552)
                      ; - java.awt.EventDispatchThread::pumpOneEventForFilters@20 (line 190)
  0x0000019810b35bbc: d0d2 ffff 

  0x0000019810b35bc0: ;   {post_call_nop}
  0x0000019810b35bc0: 0f1f 8400 | 3804 0003 | 448b 5424 | 2843 8b6c | d42c 458b 

  0x0000019810b35bd4: ;   {metadata('java/util/concurrent/locks/ReentrantLock')}
  0x0000019810b35bd4: 5cec 0841 | 81fb 0088 | 1d00 0f85 | 741a 0000 | 4d8d 14ec | 458b 520c 

  0x0000019810b35bec: ; implicit exception: dispatches to 0x0000019810b37d58
  0x0000019810b35bec: 438b 5cd4 | 1843 8b6c | d40c 4c8b | dd49 c1e3 | 034c 8b44 | 2438 4d3b | d80f 8575 | 1a00 0083 
  0x0000019810b35c0c: fb01 7516 | 4833 c94f | 8d44 d40c | 4180 7f48 | 000f 8560 | 2500 0041 | 8908 448d | 5bff 4789 
  0x0000019810b35c2c: 5cd4 18f0 | 8344 24c0 | 0083 fb01 | 7518 478b | 54d4 1045 | 85d2 740e | 478b 4cd4 | 1445 85c9 
  0x0000019810b35c4c: 0f85 040c | 0000 448b | 5424 2847 | 8b5c d444 | 4585 db0f | 84af 1900 | 004b 8d14 

  0x0000019810b35c68: ;   {oop("PostEventQueue"{0x0000000707601570})}
  0x0000019810b35c68: dc49 b870 | 1560 0707 

  0x0000019810b35c70: ;   {optimized virtual_call}
  0x0000019810b35c70: 0000 00e8 

  0x0000019810b35c74: ; ImmutableOopMap {[40]=NarrowOop [48]=Oop [56]=Oop [64]=Oop }
                      ;*invokevirtual get {reexecute=0 rethrow=0 return_oop=1}
                      ; - sun.awt.SunToolkit::flushPendingEvents@3 (line 501)
                      ; - java.awt.EventQueue::getNextEvent@4 (line 544)
                      ; - java.awt.EventDispatchThread::pumpOneEventForFilters@20 (line 190)
  0x0000019810b35c74: 1867 b4ff 

  0x0000019810b35c78: ;   {post_call_nop}
  0x0000019810b35c78: 0f1f 8400 | f004 0004 

  0x0000019810b35c80: ; implicit exception: dispatches to 0x0000019810b37d70
  0x0000019810b35c80: 448b 5008 

  0x0000019810b35c84: ;   {metadata('sun/awt/PostEventQueue')}
  0x0000019810b35c84: 4181 fa00 | 4a03 010f | 857b 1d00 | 0048 8bd0 

  0x0000019810b35c94: ;   {optimized virtual_call}
  0x0000019810b35c94: 6666 90e8 

  0x0000019810b35c98: ; ImmutableOopMap {[40]=NarrowOop [48]=Oop [56]=Oop [64]=Oop }
                      ;*invokevirtual flush {reexecute=0 rethrow=0 return_oop=0}
                      ; - sun.awt.SunToolkit::flushPendingEvents@15 (line 503)
                      ; - java.awt.EventQueue::getNextEvent@4 (line 544)
                      ; - java.awt.EventDispatchThread::pumpOneEventForFilters@20 (line 190)
  0x0000019810b35c98: 74e2 feff 

  0x0000019810b35c9c: ;   {post_call_nop}
  0x0000019810b35c9c: 0f1f 8400 | 1405 0005 | 448b 5424 | 2843 8b6c | d42c 458b 

  0x0000019810b35cb0: ;   {metadata('java/util/concurrent/locks/ReentrantLock')}
  0x0000019810b35cb0: 54ec 0841 | 81fa 0088 | 1d00 0f85 | ac19 0000 | 4d8d 14ec | 458b 520c | 4585 d20f | 845b 1900 
  0x0000019810b35cd0: 0033 c041 | b801 0000 | 00f0 470f | b144 d418 | 410f 94c3 | 450f b6db | 4585 db0f | 842c 0b00 
  0x0000019810b35cf0: 0048 8b4c | 2438 4f8d | 5cd4 0c41 | 807f 4800 | 0f85 ef24 | 0000 4c8b | c949 c1e9 | 0345 890b 
  0x0000019810b35d10: 4d8b c34c | 33c1 49c1 | e815 0f84 | 1e00 0000 | 4d8b c349 | c1e8 0949 | b900 20c0 | 1498 0100 
  0x0000019810b35d30: 004d 03c1 | 4180 3802 | 0f85 1f25 | 0000 e9a3 | fdff ff4c | 8b54 2430 | 458b 4a74 | 458b d347 
  0x0000019810b35d50: 8b5c cc10 | 4585 db0f | 8c9f 1500 | 0045 3bd3 | 0f83 aa14 | 0000 478b | 44cc 1445 | 8bca 4489 
  0x0000019810b35d70: 4c24 6047 | 8b5c c40c | 453b cb0f | 83cf 1400 | 004f 8d14 | c447 8b54 | 8a10 478b 

  0x0000019810b35d8c: ;   {metadata('java/awt/EventDispatchThread$HierarchyEventFilter')}
  0x0000019810b35d8c: 44d4 0841 | 81f8 e063 | 0301 0f85 | ac0c 0000 | 4f8d 0cd4 | 458b 5108 

  0x0000019810b35da4: ;   {metadata('java/awt/EventDispatchThread$HierarchyEventFilter')}
  0x0000019810b35da4: 4181 fae0 | 6303 010f | 8544 0b00 | 0041 8b69 | 0c85 ed0f | 8597 1700 | 0044 8b5c | 2460 41ff 
  0x0000019810b35dc4: cb4d 8b57 

  0x0000019810b35dc8: ; ImmutableOopMap {[40]=NarrowOop [48]=Oop [56]=Oop [64]=Oop [72]=NarrowOop [76]=NarrowOop [80]=Oop [88]=Oop }
                      ;*goto {reexecute=1 rethrow=0 return_oop=0}
                      ; - (reexecute) java.awt.EventDispatchThread::filterAndCheckEvent@76 (line 167)
                      ; - java.awt.EventDispatchThread::pumpOneEventForFilters@35 (line 192)
                      ;   {poll}
  0x0000019810b35dc8: 3041 8502 | 4585 db0f | 8d6e ffff | ffbb 0100 | 0000 e922 | 0200 004f | 8d14 cc43 | 8b5c dc10 
  0x0000019810b35de8: 85db 7515 | 4833 d24d | 8d4a 1041 | 807f 4800 | 0f85 b624 | 0000 4189 | 1147 8b44 | dc0c 4489 
  0x0000019810b35e08: 4424 484d | 8d42 0c41 | 807f 4800 | 0f85 1625 | 0000 4189 | 1844 8bcb | 49c1 e103 | 498b c849 
  0x0000019810b35e28: 33c9 48c1 | e915 0f84 | 2700 0000 | 4983 f900 | 0f84 1d00 | 0000 498b | c848 c1e9 | 0949 b900 
  0x0000019810b35e48: 20c0 1498 | 0100 0049 | 03c9 8039 | 020f 853d | 2500 0044 | 8b44 2448 

  0x0000019810b35e60: ; implicit exception: dispatches to 0x0000019810b37bcc
  0x0000019810b35e60: 478b 54c4 | 1447 8b4c | c408 4489 | 4c24 2441 | 81fa f701 | 0000 0f84 | 2f06 0000 | 458d 8209 
  0x0000019810b35e80: feff ff41 | 81f8 2b01 | 0000 0f82 | 510a 0000 

  0x0000019810b35e90: ;   {metadata('sun/awt/PeerEvent')}
  0x0000019810b35e90: 4181 f9d0 | 5803 010f | 85da 0700 | 00b9 0400 | 0000 83f9 | ff0f 8558 | 0600 0044 | 8b54 2428 
  0x0000019810b35eb0: 438b 6cd4 | 2c45 8b54 

  0x0000019810b35eb8: ;   {metadata('java/util/concurrent/locks/ReentrantLock')}
  0x0000019810b35eb8: ec08 4181 | fa00 881d | 000f 85fd | 1400 004d | 8d14 ec45 | 8b52 0c47 | 8b4c d418 | 438b 6cd4 
  0x0000019810b35ed8: 0c4c 8bdd | 49c1 e303 | 4c8b 4424 | 384d 3bd8 | 0f85 1a16 | 0000 4183 | f901 7515 | 4833 ff4b 
  0x0000019810b35ef8: 8d4c d40c | 4180 7f48 | 000f 85ed | 2400 0089 | 3944 8b44 | 2448 4f8d | 1cc4 4c89 | 5c24 5045 
  0x0000019810b35f18: 8d41 ff47 | 8944 d418 | f083 4424 | c000 4183 | f901 7518 | 478b 5cd4 | 1045 85db | 740e 478b 
  0x0000019810b35f38: 4cdc 1445 | 85c9 0f85 | 7607 0000 | 4c8b 5424 | 3045 8b52 | 7444 8954 | 244c 4585 | d20f 8475 
  0x0000019810b35f58: 1300 0049 | c1e2 034c | 8954 2458 | 4c8b 5c24 | 5848 8d9c | 2480 0000 | 004d 8b13 | 418b 9fd8 
  0x0000019810b35f78: 0600 0041 | f6c2 020f | 8537 0000 | 0081 fb27 | 0700 000f | 8f4b 0000 | 004d 3b5c | 1ff8 7416 
  0x0000019810b35f98: 498b c248 | 83c8 0149 | 83e2 fef0 | 4d0f b113 | 0f85 2e00 | 0000 4d89 | 1c1f 4183 | 87d8 0600 
  0x0000019810b35fb8: ;   {other}
  0x0000019810b35fb8: 0008 eb1e | 4833 c049 | 8b9f c804 | 0000 f049 | 0fb1 5a3e | 740c 483b | d875 0949 | ff82 8600 
  0x0000019810b35fd8: 0000 33c0 | 0f85 f613 | 0000 4c8b | 5424 3045 | 8b4a 7447 | 8b54 cc10 | 41ff ca45 | 85d2 0f8d 
  0x0000019810b35ff8: 53fd ffff | bb01 0000 | 004c 8b5c | 2458 488d | 8424 8000 | 0000 418b | 87d8 0600 | 004d 8b13 
  0x0000019810b36018: 4d3b 5c07 | f80f 852e | 0000 0041 | 83af d806 | 0000 084d | 3b5c 07f0 | 0f84 5f00 | 0000 498b 
  0x0000019810b36038: c248 83e0 | fc49 83ca | 01f0 4d0f | b113 0f85 | a928 0000 | e944 0000 | 0049 83ba | 8600 0000 
  0x0000019810b36058: 0075 3349 | c742 3e00 | 0000 00f0 | 8344 24c0 | 0049 83ba | 8e00 0000 | 0074 2249 | 83ba 9e00 
  0x0000019810b36078: 0000 0075 | 1849 83e2 | fd4d 8997 | e805 0000 | 4183 ca01 | eb0a 49ff | 8a86 0000 | 0045 33d2 
  0x0000019810b36098: 0f85 5f13 | 0000 85db | 0f84 3310 

  0x0000019810b360a4: ;   {oop(a 'java/lang/Class'{0x0000000707601588} = 'sun/awt/dnd/SunDragSourceContextPeer')}
  0x0000019810b360a4: 0000 49ba | 8815 6007 | 0700 0000 | 410f b6aa | 9100 0000 | 85ed 0f85 | 6c14 0000 | 41bb 0100 
  0x0000019810b360c4: 0000 4d8b | 5730 448b | 4424 4849 | c1e0 034c 

  0x0000019810b360d4: ; ImmutableOopMap {r8=Oop [40]=NarrowOop [48]=Oop [56]=Oop [64]=Oop [72]=NarrowOop [80]=Oop }
                      ;*ifeq {reexecute=1 rethrow=0 return_oop=0}
                      ; - (reexecute) java.awt.EventDispatchThread::pumpOneEventForFilters@48 (line 197)
  0x0000019810b360d4: 8944 2450 

  0x0000019810b360d8: ;   {poll}
  0x0000019810b360d8: 4185 0245 | 85db 0f84 | 340d 0000 

  0x0000019810b360e4: ;   {oop(a 'sun/util/logging/PlatformLogger'{0x0000000707601620})}
  0x0000019810b360e4: 49ba 2016 | 6007 0700 | 0000 458b | 520c 478b | 5cd4 084f 

  0x0000019810b360f8: ;   {metadata('jdk/internal/logger/LazyLoggers$JdkLazyLogger')}
  0x0000019810b360f8: 8d04 d441 | 81fb b80b | 0101 0f85 | 690a 0000 | 4c89 4424 | 5841 8b68 | 0c45 8b54 

  0x0000019810b36114: ;   {metadata('jdk/internal/logger/LazyLoggers$LazyLoggerAccessor')}
  0x0000019810b36114: ec08 4181 | fad8 1101 | 010f 8569 | 1300 004d | 8d14 ec4c | 8954 2460 | 458b 5a20 | 4585 db0f 
  0x0000019810b36134: 84b8 0a00 | 0049 c1e3 | 0345 8b53 

  0x0000019810b36140: ;   {metadata('sun/util/logging/internal/LoggingProviderImpl$JULWrapper')}
  0x0000019810b36140: 0841 81fa | d824 0b01 | 0f85 770c 

  0x0000019810b3614c: ;   {oop(a 'java/util/logging/Level'[9] {0x0000000707601630})}
  0x0000019810b3614c: 0000 49ba | 3016 6007 | 0700 0000 | 458b 4a14 | 458b 530c 

  0x0000019810b36160: ; implicit exception: dispatches to 0x0000019810b37c7c
  0x0000019810b36160: 478b 5cd4 | 1047 8b5c | dc0c 438b | 6ccc 0c41 | 3beb 0f8d | 0014 0000 | 448b 5424 | 2847 8b54 
  0x0000019810b36180: d44c 448b | 4424 4843 | 8b6c c40c | 4585 d20f | 85af 1200 | 0043 c644 | c41a 0147 | 8b5c c408 
  0x0000019810b361a0: 4489 5c24 | 2c45 8bd3 | 41bb 0000 | 001c 4d03 | da4c 895c | 2458 4d8b | 5350 4c89 | 5424 6044 
  0x0000019810b361c0: 8b5c 242c 

  0x0000019810b361c4: ;   {metadata('java/awt/event/InvocationEvent')}
  0x0000019810b361c4: 4181 fb30 | 4e03 010f | 8599 0300 | 0044 8b5c | 2428 438b | 6cdc 2c45 | 8b54 ec08 

  0x0000019810b361e0: ;   {metadata('java/util/concurrent/locks/ReentrantLock')}
  0x0000019810b361e0: 4181 fa00 | 881d 000f | 85bb 1200 | 004d 8d14 | ec45 8b52 | 0c45 85d2 | 0f84 6a12 | 0000 33c0 
  0x0000019810b36200: 41bb 0100 | 0000 f047 | 0fb1 5cd4 | 1841 0f94 | c345 0fb6 | db45 85db | 0f84 2705 | 0000 488b 
  0x0000019810b36220: 4c24 384f | 8d44 d40c | 4180 7f48 | 000f 853d | 2200 004c | 8bd9 49c1 | eb03 4589 | 184d 8bc8 
  0x0000019810b36240: 4c33 c949 | c1e9 150f | 841e 0000 | 004d 8bc8 | 49c1 e909 | 49bb 0020 | c014 9801 | 0000 4d03 
  0x0000019810b36260: cb41 8039 | 020f 856d 

  0x0000019810b36268: ;   {oop(a 'java/lang/Class'{0x0000000707601668} = 'java/awt/EventQueue')}
  0x0000019810b36268: 2200 0049 | ba68 1660 | 0707 0000 | 0041 0fb6 | aab0 0000 | 0085 ed0f | 855b 1200 | 0044 8b54 
  0x0000019810b36288: 2428 438b | 6cd4 344c | 8bd5 49c1 | e203 4c8b | 5c24 384d | 3bda 0f85 | f812 0000 | 498b 87c8 
  0x0000019810b362a8: 0100 004c | 8bd0 4983 | c220 4d3b | 97d8 0100 | 000f 8362 | 0e00 004d | 8997 c801 | 0000 410f 
  0x0000019810b362c8: 0d8a c000 | 0000 48c7 | 0001 0000 

  0x0000019810b362d4: ;   {metadata('java/lang/ref/WeakReference')}
  0x0000019810b362d4: 00c7 4008 | 6873 1b00 | 4489 600c | 4c89 6010 | 4c89 6018 | 448b 5c24 | 4844 8958 

  0x0000019810b362f0: ;   {oop(a 'java/lang/ref/ReferenceQueue$Null'{0x00000007076000a8})}
  0x0000019810b362f0: 0c41 bb15 | 00ec e04c | 8d48 1045 | 8919 f083 | 4424 c000 | 448b 4c24 | 284f 8d54 | cc40 4180 
  0x0000019810b36310: 7f48 000f | 8516 2200 | 004c 8bc0 | 49c1 e803 | 4589 024d | 8bda 4c33 | d849 c1eb | 150f 841e 
  0x0000019810b36330: 0000 004d | 8bda 49c1 | eb09 49b8 | 0020 c014 | 9801 0000 | 4d03 d841 | 803b 020f | 8550 2200 
  0x0000019810b36350: 004c 8b54 

  0x0000019810b36354: ;   {metadata('java/awt/event/InputEvent')}
  0x0000019810b36354: 2460 49bb | e041 011d | 0000 0000 | 4d3b d30f | 854c 0100 | 004c 8b54 | 2450 4d8b | 5220 448b 
  0x0000019810b36374: ;   {metadata('java/awt/event/KeyEvent')}
  0x0000019810b36374: 4424 2c41 | 81f8 f081 | 0501 0f85 | e902 0000 | 448b 4424 | 284f 8954 | c418 438b | 6cc4 2c4f 
  0x0000019810b36394: 8b5c c410 | 4d3b d34d | 0f4c d34f | 8954 c410 

  0x0000019810b363a4: ; implicit exception: dispatches to 0x0000019810b37cf8
  0x0000019810b363a4: 458b 5cec 

  0x0000019810b363a8: ;   {metadata('java/util/concurrent/locks/ReentrantLock')}
  0x0000019810b363a8: 0841 81fb | 0088 1d00 | 0f85 1611 | 0000 4d8d | 14ec 418b | 5a0c 458b | 5cdc 1841 | 8b6c dc0c 
  0x0000019810b363c8: 4c8b d549 | c1e2 034c | 8b44 2438 | 4d3b d00f | 85db 1100 | 0041 83fb | 0175 1648 | 33c9 4d8d 
  0x0000019810b363e8: 4cdc 0c41 | 807f 4800 | 0f85 0c22 | 0000 4189 | 0945 8d53 | ff45 8954 | dc18 f083 | 4424 c000 
  0x0000019810b36408: 4183 fb01 | 7518 458b | 54dc 1045 | 85d2 740e | 478b 4cd4 | 1445 85c9 | 0f85 5803 | 0000 488b 
  0x0000019810b36428: 5424 5044 

  0x0000019810b3642c: ;   {metadata('java/awt/event/InvocationEvent')}
  0x0000019810b3642c: 8b5a 0841 | 81fb 304e | 0301 0f85 | 2d09 0000 | 4889 5424 | 280f b66a | 1d85 ed0f | 858b 1100 
  0x0000019810b3644c: 0044 8b52 | 2849 8bd2 | 48c1 e203 | 9048 b860 | d04f 2698 

  0x0000019810b36460: ;   {virtual_call}
  0x0000019810b36460: 0100 00e8 

  0x0000019810b36464: ; ImmutableOopMap {[40]=Oop [48]=Oop }
                      ;*invokeinterface run {reexecute=0 rethrow=0 return_oop=0}
                      ; - java.awt.event.InvocationEvent::dispatch@47 (line 323)
                      ; - java.awt.EventQueue::dispatchEventImpl@21 (line 723)
                      ; - java.awt.EventQueue::dispatchEvent@22 (line 702)
                      ; - java.awt.EventDispatchThread::pumpOneEventForFilters@81 (line 203)
  0x0000019810b36464: 48e6 47ff 

  0x0000019810b36468: ;   {post_call_nop}
  0x0000019810b36468: 0f1f 8400 | e00c 0008 | 4c8b 5424 | 2841 c642 | 1c01 f083 | 4424 c000 | 418b 6a2c | 85ed 0f85 
  0x0000019810b36488: 6011 0000 | 418b 6a30 | 85ed 0f85 | 6811 0000 | 4881 c490 | 0000 005d 

  0x0000019810b364a0: ;   {poll_return}
  0x0000019810b364a0: 493b 6728 | 0f87 3524 | 0000 c3b9 | 0200 0000 | e9ed f9ff | ff44 8b5c 

  0x0000019810b364b8: ;   {metadata('java/awt/event/InputMethodEvent')}
  0x0000019810b364b8: 242c 4181 | fb98 7103 | 010f 84dd 

  0x0000019810b364c4: ;   {metadata('java/awt/event/ActionEvent')}
  0x0000019810b364c4: 1100 0041 | 81fb 2874 | 0301 0f84 | f811 0000 | 4c8b 5424 | 584d 8b52 

  0x0000019810b364dc: ;   {metadata('java/awt/event/InvocationEvent')}
  0x0000019810b364dc: 4849 bb30 | 4e03 1d00 | 0000 004d | 3bd3 0f85 | 1903 0000 | 4c8b 5424 | 504d 8b52 | 2044 8b44 
  0x0000019810b364fc: 2428 e98b | feff ff44 | 8b44 2448 | 478b 44c4 | 0c47 8b54 | c408 41b9 | 0000 001c | 4d03 ca4d 
  0x0000019810b3651c: ;   {metadata('java/awt/Component')}
  0x0000019810b3651c: 8b51 3849 | b9b0 1b00 | 1d00 0000 | 004d 3bd1 | 0f85 79f9 | ffff 4f8d | 14c4 418b | aac0 0000 
  0x0000019810b3653c: 0045 8b54 | ec0c 413b | ca0f 83a9 | 1100 004d | 8d14 ec48 | 33db 4d8d | 4c8a 1041 | 807f 4800 
  0x0000019810b3655c: 0f85 1221 | 0000 4189 | 19e9 41f9 

  0x0000019810b36568: ;   {metadata('java/awt/event/MouseEvent')}
  0x0000019810b36568: ffff 4181 | fb08 f418 | 0174 654c | 8b54 2458 | 4d8b 5220 

  0x0000019810b3657c: ;   {metadata('java/awt/ActiveEvent')}
  0x0000019810b3657c: 48b8 284c | 031d 0000 | 0000 4c3b | d00f 8442 | fcff ff48 | 8b74 2458 | 4833 ff4c | 8b9e a800 
  0x0000019810b3659c: 0000 498b | d348 c1e2 | 300f 8921 | 0000 00f3 | 480f b8d2 | 488b 5e28 | 483b 04d3 | 7415 490f 
  0x0000019810b365bc: bae3 1073 | 0b49 c1cb 

  0x0000019810b365c4: ;   {runtime_call Stub::lookup_secondary_supers_table_slow_path}
  0x0000019810b365c4: 0fe8 39de | 37ff eb03 | 48ff c748 | 85ff 0f84 | f9fb ffff 

  0x0000019810b365d8: ; implicit exception: dispatches to 0x0000019810b37df0
  0x0000019810b365d8: 458b 5cec | 0841 ba00 | 0000 1c4d | 03d3 4d8b 

  0x0000019810b365e8: ;   {metadata('java/awt/Component')}
  0x0000019810b365e8: 5238 49bb | b01b 001d | 0000 0000 | 4d3b d30f | 85b7 1100 | 0049 8d14 | ec4c 8b44 | 2450 488b 
  0x0000019810b36608: 6c24 3066 | 9048 b888 | d04f 2698 

  0x0000019810b36614: ;   {virtual_call}
  0x0000019810b36614: 0100 00e8 

  0x0000019810b36618: ; ImmutableOopMap {rbp=Oop [48]=Oop [72]=NarrowOop [80]=Oop }
                      ;*invokevirtual dispatchEventImpl {reexecute=0 rethrow=0 return_oop=0}
                      ; - java.awt.Component::dispatchEvent@2 (line 4790)
                      ; - java.awt.EventQueue::dispatchEventImpl@41 (line 725)
                      ; - java.awt.EventQueue::dispatchEvent@22 (line 702)
                      ; - java.awt.EventDispatchThread::pumpOneEventForFilters@81 (line 203)
  0x0000019810b36618: 541f 69ff 

  0x0000019810b3661c: ;   {post_call_nop}
  0x0000019810b3661c: 0f1f 8400 | 940e 0009 | 4c8b 5424 

  0x0000019810b36628: ;   {metadata('java/awt/event/InputEvent')}
  0x0000019810b36628: 6049 bbe0 | 4101 1d00 | 0000 004d | 3bd3 0f85 | 5cfe ffff 

  0x0000019810b3663c: ;   {oop(a 'java/lang/Class'{0x0000000707601720} = 'sun/awt/AWTAccessor')}
  0x0000019810b3663c: 49ba 2017 | 6007 0700 | 0000 458b | 9a8c 0000 | 0047 8b54 | dc08 488b 

  0x0000019810b36654: ;   {metadata('java/awt/event/InputEvent$1')}
  0x0000019810b36654: 6c24 5041 | 81fa 184d | 0101 0f85 | 6411 0000 | 4488 6528 | e92b feff | ff44 8b44 | 2428 e917 
  0x0000019810b36674: fdff ffb9 | ffff ffff | e921 f8ff | ff47 8b44 | d40c 4d8b | d849 c1e3 | 034c 8b44 | 2438 4d3b 
  0x0000019810b36694: d80f 85b2 | 0400 0043 | 8b6c d418 | ffc5 85ed | 0f8c 9610 | 0000 4389 | 6cd4 18f0 | 8344 24c0 
  0x0000019810b366b4: 00e9 2cf4 | ffff 478b | 54cc 0c45 | 85d2 0f84 | 7cf8 ffff | 438b 44cc | 0c44 8bd8 | 4183 e3fe 
  0x0000019810b366d4: f047 0fb1 | 5ccc 0c40 | 0f94 c540 | 0fb6 ed85 | ed0f 8431 | 1000 0047 | 8b54 cc18 | 4585 d20f 
  0x0000019810b366f4: 844b f8ff | ff47 8b5c | d408 4f8d | 04d4 41ba | 0000 001c | 4d03 d34d 

  0x0000019810b3670c: ;   {metadata('java/lang/BaseVirtualThread')}
  0x0000019810b3670c: 8b52 4049 | bb80 361a | 1c00 0000 | 004d 3bd3 | 0f85 e603 

  0x0000019810b36720: ;   {oop(a 'java/lang/System$1'{0x0000000707600140})}
  0x0000019810b36720: 0000 48ba | 4001 6007 | 0700 0000 | 488b 6c24 

  0x0000019810b36730: ;   {optimized virtual_call}
  0x0000019810b36730: 3066 90e8 

  0x0000019810b36734: ; ImmutableOopMap {rbp=Oop [40]=NarrowOop [48]=Oop [56]=Oop [64]=Oop [72]=NarrowOop [80]=Oop }
                      ;*invokeinterface unparkVirtualThread {reexecute=0 rethrow=0 return_oop=0}
                      ; - java.util.concurrent.locks.LockSupport::unpark@15 (line 181)
                      ; - java.util.concurrent.locks.AbstractQueuedSynchronizer::signalNext@30 (line 646)
                      ; - java.util.concurrent.locks.AbstractQueuedSynchronizer::release@12 (line 1100)
                      ; - java.util.concurrent.locks.ReentrantLock::unlock@5 (line 495)
                      ; - java.awt.EventQueue::getNextEvent@31 (line 554)
                      ; - java.awt.EventDispatchThread::pumpOneEventForFilters@20 (line 190)
  0x0000019810b36734: a886 39ff 

  0x0000019810b36738: ;   {post_call_nop}
  0x0000019810b36738: 0f1f 8400 | b00f 000a | e9ff f7ff | ff47 8b44 | d40c 4d8b | d849 c1e3 | 034c 8b44 | 2438 4d3b 
  0x0000019810b36758: d80f 8571 | 0400 0043 | 8b6c d418 | ffc5 85ed | 0f8c 1a10 | 0000 4389 | 6cd4 18f0 | 8344 24c0 
  0x0000019810b36778: 00e9 edfa | ffff 478b | 5ccc 0c45 | 85db 0f84 | 9afc ffff | 438b 44cc | 0c44 8bd0 | 4183 e2fe 
  0x0000019810b36798: f047 0fb1 | 54cc 0c40 | 0f94 c540 | 0fb6 ed85 | ed0f 84b5 | 0f00 0047 | 8b5c cc18 | 4585 db0f 
  0x0000019810b367b8: 8469 fcff | ff47 8b4c | dc08 4f8d | 04dc 41ba | 0000 001c | 4d03 d14d 

  0x0000019810b367d0: ;   {metadata('java/lang/BaseVirtualThread')}
  0x0000019810b367d0: 8b52 4049 | bb80 361a | 1c00 0000 | 004d 3bd3 | 0f85 4303 

  0x0000019810b367e4: ;   {oop(a 'java/lang/System$1'{0x0000000707600140})}
  0x0000019810b367e4: 0000 48ba | 4001 6007 | 0700 0000 | 488b 6c24 

  0x0000019810b367f4: ;   {optimized virtual_call}
  0x0000019810b367f4: 3066 90e8 

  0x0000019810b367f8: ; ImmutableOopMap {rbp=Oop [48]=Oop [80]=Oop }
                      ;*invokeinterface unparkVirtualThread {reexecute=0 rethrow=0 return_oop=0}
                      ; - java.util.concurrent.locks.LockSupport::unpark@15 (line 181)
                      ; - java.util.concurrent.locks.AbstractQueuedSynchronizer::signalNext@30 (line 646)
                      ; - java.util.concurrent.locks.AbstractQueuedSynchronizer::release@12 (line 1100)
                      ; - java.util.concurrent.locks.ReentrantLock::unlock@5 (line 495)
                      ; - java.awt.EventQueue::setCurrentEventAndMostRecentTimeImpl@168 (line 1236)
                      ; - java.awt.EventQueue::dispatchEventImpl@14 (line 722)
                      ; - java.awt.EventQueue::dispatchEvent@22 (line 702)
                      ; - java.awt.EventDispatchThread::pumpOneEventForFilters@81 (line 203)
  0x0000019810b367f8: e485 39ff 

  0x0000019810b367fc: ;   {post_call_nop}
  0x0000019810b367fc: 0f1f 8400 | 7410 000b | e91d fcff | ff49 ba00 | 0000 0000 | 0000 8044 | 8b44 2428 | e971 fbff 
  0x0000019810b3681c: ff47 8b44 | d40c 4d8b | d849 c1e3 | 034c 8b44 | 2438 4d3b | d80f 856d | 0500 0043 | 8b6c d418 
  0x0000019810b3683c: ffc5 85ed | 0f8c c20f | 0000 4389 | 6cd4 18f0 | 8344 24c0 | 00e9 90f2 | ffff 478b | 5ccc 0c45 
  0x0000019810b3685c: 85db 0f84 | eef3 ffff | 438b 44cc | 0c44 8bd0 | 4183 e2fe | f047 0fb1 | 54cc 0c40 | 0f94 c540 
  0x0000019810b3687c: 0fb6 ed85 | ed0f 8460 | 0f00 0047 | 8b5c cc18 | 4585 db0f | 84bd f3ff | ff4f 8d04 | dc47 8b54 
  0x0000019810b3689c: dc08 41bb | 0000 001c | 4d03 da4d 

  0x0000019810b368a8: ;   {metadata('java/lang/BaseVirtualThread')}
  0x0000019810b368a8: 8b53 4049 | bb80 361a | 1c00 0000 | 004d 3bd3 | 0f85 8704 

  0x0000019810b368bc: ;   {oop(a 'java/lang/System$1'{0x0000000707600140})}
  0x0000019810b368bc: 0000 48ba | 4001 6007 | 0700 0000 | 488b 6c24 

  0x0000019810b368cc: ;   {optimized virtual_call}
  0x0000019810b368cc: 3066 90e8 

  0x0000019810b368d0: ; ImmutableOopMap {rbp=Oop [40]=NarrowOop [48]=Oop [56]=Oop [64]=Oop }
                      ;*invokeinterface unparkVirtualThread {reexecute=0 rethrow=0 return_oop=0}
                      ; - java.util.concurrent.locks.LockSupport::unpark@15 (line 181)
                      ; - java.util.concurrent.locks.AbstractQueuedSynchronizer::signalNext@30 (line 646)
                      ; - java.util.concurrent.locks.AbstractQueuedSynchronizer::release@12 (line 1100)
                      ; - java.util.concurrent.locks.ReentrantLock::unlock@5 (line 495)
                      ; - java.awt.EventQueue::getNextEvent@61 (line 554)
                      ; - java.awt.EventDispatchThread::pumpOneEventForFilters@20 (line 190)
  0x0000019810b368d0: 0c85 39ff 

  0x0000019810b368d4: ;   {post_call_nop}
  0x0000019810b368d4: 0f1f 8400 | 4c11 000c | e971 f3ff | ff41 81fa | 2003 0000 | 0f85 9f04 | 0000 33c9 | e9ad f5ff 
  0x0000019810b368f4: ;   {metadata('java/awt/ModalEventFilter$ApplicationModalEventFilter')}
  0x0000019810b368f4: ff41 81fa | 48ad 3501 | 0f85 2a0f | 0000 450f | b651 0c45 | 85d2 0f85 | adf4 ffff | 458b 5110 
  0x0000019810b36914: ; implicit exception: dispatches to 0x0000019810b37ee4
  0x0000019810b36914: 470f b65c | d431 4585 | db0f 849a | f4ff ff44 | 8b54 2448 | 478b 5cd4 | 1445 8d93 | 0cfe ffff 
  0x0000019810b36934: 4183 fa08 | 7216 4181 | fbe9 0300 | 0074 0d41 | 81fb c900 | 0000 0f85 | 6df4 ffff | 448b 5c24 
  0x0000019810b36954: 4847 8b54 | dc0c 478b 

  0x0000019810b3695c: ;   {metadata('sun/awt/ModalExclude')}
  0x0000019810b3695c: 44d4 0848 | b870 6a1d | 1d00 0000 | 00be 0000 | 001c 4903 | f04c 8b5e | 204c 3bd8 | 0f84 3ff4 
  0x0000019810b3697c: ffff 4833 | ff4c 8b9e | a800 0000 | 498b d348 | c1e2 0d0f | 8921 0000 | 00f3 480f | b8d2 488b 
  0x0000019810b3699c: 5e28 483b | 04d3 7415 | 490f bae3 | 3373 0b49 

  0x0000019810b369ac: ;   {runtime_call Stub::lookup_secondary_supers_table_slow_path}
  0x0000019810b369ac: c1cb 32e8 | 4fda 37ff | eb03 48ff | c748 85ff | 0f84 fbf3 | ffff 4c8b 

  0x0000019810b369c4: ;   {metadata('java/awt/Component')}
  0x0000019810b369c4: 5e38 49b8 | b01b 001d | 0000 0000 | 4d3b d80f | 85e4 f3ff | ff4f 8d04 

  0x0000019810b369dc: ;   {metadata('java/awt/Window')}
  0x0000019810b369dc: d449 bbd8 | 3300 1d00 | 0000 0045 | 8b50 08b9 | 0000 001c | 4903 ca4c | 8b51 484d | 3bd3 0f85 
  0x0000019810b369fc: c107 0000 | 488b 6c24 | 3049 8bd1 

  0x0000019810b36a08: ;   {optimized virtual_call}
  0x0000019810b36a08: 6666 90e8 

  0x0000019810b36a0c: ; ImmutableOopMap {rbp=Oop [40]=NarrowOop [48]=Oop [56]=Oop [64]=Oop [72]=NarrowOop [76]=NarrowOop [80]=Oop [88]=Oop }
                      ;*invokevirtual acceptWindow {reexecute=0 rethrow=0 return_oop=1}
                      ; - java.awt.ModalEventFilter::acceptEvent@123 (line 66)
                      ; - java.awt.EventDispatchThread::filterAndCheckEvent@42 (line 169)
                      ; - java.awt.EventDispatchThread::pumpOneEventForFilters@35 (line 192)
  0x0000019810b36a0c: 9066 1af8 

  0x0000019810b36a10: ;   {post_call_nop}
  0x0000019810b36a10: 0f1f 8400 | 8812 000d 

  0x0000019810b36a18: ;   {oop(a 'java/awt/EventFilter$FilterAction'{0x0000000707952118})}
  0x0000019810b36a18: 49ba 1821 | 9507 0700 | 0000 493b | c20f 84b5 

  0x0000019810b36a28: ;   {oop(a 'java/awt/EventFilter$FilterAction'{0x0000000707952130})}
  0x0000019810b36a28: 0d00 0049 | ba30 2195 | 0707 0000 | 0049 3bc2 | 0f85 7ff3 | ffff bb01 | 0000 00e9 | b9f5 ffff 
  0x0000019810b36a48: ;   {metadata('java/awt/ModalEventFilter$ApplicationModalEventFilter')}
  0x0000019810b36a48: 4181 f848 | ad35 010f | 8447 f3ff 

  0x0000019810b36a54: ;   {metadata('java/awt/EventFilter')}
  0x0000019810b36a54: ff48 b8d8 | 6103 1d00 | 0000 00be | 0000 001c | 4903 f04c | 8b5e 204c | 3bd8 0f84 | 28f3 ffff 
  0x0000019810b36a74: 4833 ff4c | 8b9e a800 | 0000 498b | d348 c1e2 | 040f 8921 | 0000 00f3 | 480f b8d2 | 488b 5e28 
  0x0000019810b36a94: 483b 04d3 | 7415 490f | bae3 3c73 | 0b49 c1cb 

  0x0000019810b36aa4: ;   {runtime_call Stub::lookup_secondary_supers_table_slow_path}
  0x0000019810b36aa4: 3be8 59d9 | 37ff eb03 | 48ff c748 | 85ff 0f84 | e4f2 ffff 

  0x0000019810b36ab8: ;   {oop(a 'java/lang/ClassCastException'{0x0000000707600860})}
  0x0000019810b36ab8: 48bd 6008 | 6007 0700 | 0000 4d33 | c94c 8d5d | 1441 807f | 4800 0f85 | fe1b 0000 | 4589 0beb 
  0x0000019810b36ad8: 0348 8be8 | ba95 ffff | ff4c 8b54 | 2430 4c89 | 5424 2044 | 8b5c 244c | 458b d344 | 8954 2434 
  0x0000019810b36af8: ;   {runtime_call UncommonTrapBlob}
  0x0000019810b36af8: 6666 90e8 

  0x0000019810b36afc: ; ImmutableOopMap {rbp=Oop [32]=Oop [40]=NarrowOop [52]=NarrowOop [72]=NarrowOop [76]=NarrowOop }
                      ;*astore {reexecute=0 rethrow=0 return_oop=0}
                      ; - java.awt.EventDispatchThread::filterAndCheckEvent@84 (line 177)
                      ; - java.awt.EventDispatchThread::pumpOneEventForFilters@35 (line 192)
  0x0000019810b36afc: 6090 46ff 

  0x0000019810b36b00: ;   {post_call_nop}
  0x0000019810b36b00: 0f1f 8400 | 7813 000e 

  0x0000019810b36b08: ;   {oop(a 'jdk/internal/misc/Unsafe'{0x0000000707601b80})}
  0x0000019810b36b08: 48ba 801b | 6007 0700 | 0000 488b 

  0x0000019810b36b14: ;   {optimized virtual_call}
  0x0000019810b36b14: 6c24 30e8 

  0x0000019810b36b18: ; ImmutableOopMap {rbp=Oop [40]=NarrowOop [48]=Oop [56]=Oop [64]=Oop [72]=NarrowOop [80]=Oop }
                      ;*invokevirtual unpark {reexecute=0 rethrow=0 return_oop=0}
                      ; - java.util.concurrent.locks.LockSupport::unpark@27 (line 183)
                      ; - java.util.concurrent.locks.AbstractQueuedSynchronizer::signalNext@30 (line 646)
                      ; - java.util.concurrent.locks.AbstractQueuedSynchronizer::release@12 (line 1100)
                      ; - java.util.concurrent.locks.ReentrantLock::unlock@5 (line 495)
                      ; - java.awt.EventQueue::getNextEvent@31 (line 554)
                      ; - java.awt.EventDispatchThread::pumpOneEventForFilters@20 (line 190)
  0x0000019810b36b18: c482 39ff 

  0x0000019810b36b1c: ;   {post_call_nop}
  0x0000019810b36b1c: 0f1f 8400 | 9413 000f | e91b f4ff 

  0x0000019810b36b28: ;   {oop(a 'jdk/internal/misc/Unsafe'{0x0000000707601b80})}
  0x0000019810b36b28: ff48 ba80 | 1b60 0707 | 0000 0048 | 8b6c 2430 

  0x0000019810b36b38: ;   {optimized virtual_call}
  0x0000019810b36b38: 6666 90e8 

  0x0000019810b36b3c: ; ImmutableOopMap {rbp=Oop [48]=Oop [80]=Oop }
                      ;*invokevirtual unpark {reexecute=0 rethrow=0 return_oop=0}
                      ; - java.util.concurrent.locks.LockSupport::unpark@27 (line 183)
                      ; - java.util.concurrent.locks.AbstractQueuedSynchronizer::signalNext@30 (line 646)
                      ; - java.util.concurrent.locks.AbstractQueuedSynchronizer::release@12 (line 1100)
                      ; - java.util.concurrent.locks.ReentrantLock::unlock@5 (line 495)
                      ; - java.awt.EventQueue::setCurrentEventAndMostRecentTimeImpl@168 (line 1236)
                      ; - java.awt.EventQueue::dispatchEventImpl@14 (line 722)
                      ; - java.awt.EventQueue::dispatchEvent@22 (line 702)
                      ; - java.awt.EventDispatchThread::pumpOneEventForFilters@81 (line 203)
  0x0000019810b36b3c: 5032 b2ff 

  0x0000019810b36b40: ;   {post_call_nop}
  0x0000019810b36b40: 0f1f 8400 | b813 0010 | e9d9 f8ff | ff4b 8d14 | d441 b801 | 0000 0048 | 8b6c 2430 

  0x0000019810b36b5c: ;   {optimized virtual_call}
  0x0000019810b36b5c: 6666 90e8 

  0x0000019810b36b60: ; ImmutableOopMap {rbp=Oop [40]=NarrowOop [48]=Oop [56]=Oop [64]=Oop }
                      ;*invokevirtual acquire {reexecute=0 rethrow=0 return_oop=0}
                      ; - java.util.concurrent.locks.ReentrantLock$Sync::lock@9 (line 154)
                      ; - java.util.concurrent.locks.ReentrantLock::lock@4 (line 323)
                      ; - java.awt.EventQueue::getNextEvent@11 (line 545)
                      ; - java.awt.EventDispatchThread::pumpOneEventForFilters@20 (line 190)
  0x0000019810b36b60: 2c2c 0100 

  0x0000019810b36b64: ;   {post_call_nop}
  0x0000019810b36b64: 0f1f 8400 | dc13 0011 | e975 efff 

  0x0000019810b36b70: ;   {metadata('sun/util/logging/internal/LoggingProviderImpl$JULWrapper')}
  0x0000019810b36b70: ff41 81fb | d824 0b01 | 0f85 ea0c | 0000 4d8b 

  0x0000019810b36b80: ;   {oop(a 'java/util/logging/Level'[9] {0x0000000707601630})}
  0x0000019810b36b80: d049 bb30 | 1660 0707 | 0000 0045 | 8b43 1445 | 8b52 0c47 | 8b5c d410 

  0x0000019810b36b98: ; implicit exception: dispatches to 0x0000019810b37e48
  0x0000019810b36b98: 478b 54dc | 0c45 8bda 

  0x0000019810b36ba0: ; implicit exception: dispatches to 0x0000019810b37e60
  0x0000019810b36ba0: 438b 6cc4 | 0c41 3bea | 0f8c caf5 | ffff ba45 | ffff ff4c | 8b54 2430 | 4c89 5424 | 2044 895c 
  0x0000019810b36bc0: ;   {runtime_call UncommonTrapBlob}
  0x0000019810b36bc0: 2434 90e8 

  0x0000019810b36bc4: ; ImmutableOopMap {[32]=Oop [40]=NarrowOop [72]=NarrowOop }
                      ;*if_icmplt {reexecute=1 rethrow=0 return_oop=0}
                      ; - (reexecute) java.util.logging.Logger::isLoggable@13 (line 2013)
                      ; - sun.util.logging.internal.LoggingProviderImpl$JULWrapper::isLoggable@8 (line 206)
                      ; - sun.util.logging.PlatformLogger::isLoggable@17 (line 340)
                      ; - java.awt.EventDispatchThread::pumpOneEventForFilters@57 (line 199)
  0x0000019810b36bc4: 988f 46ff 

  0x0000019810b36bc8: ;   {post_call_nop}
  0x0000019810b36bc8: 0f1f 8400 | 4014 0012 | 4b8d 14d4 | 41b8 0100 | 0000 488b 

  0x0000019810b36bdc: ;   {optimized virtual_call}
  0x0000019810b36bdc: 6c24 30e8 

  0x0000019810b36be0: ; ImmutableOopMap {rbp=Oop [40]=NarrowOop [48]=Oop [56]=Oop [64]=Oop [72]=NarrowOop [80]=Oop }
                      ;*invokevirtual acquire {reexecute=0 rethrow=0 return_oop=0}
                      ; - java.util.concurrent.locks.ReentrantLock$Sync::lock@9 (line 154)
                      ; - java.util.concurrent.locks.ReentrantLock::lock@4 (line 323)
                      ; - java.awt.EventQueue::setCurrentEventAndMostRecentTimeImpl@4 (line 1201)
                      ; - java.awt.EventQueue::dispatchEventImpl@14 (line 722)
                      ; - java.awt.EventQueue::dispatchEvent@22 (line 702)
                      ; - java.awt.EventDispatchThread::pumpOneEventForFilters@81 (line 203)
  0x0000019810b36be0: ac2b 0100 

  0x0000019810b36be4: ;   {post_call_nop}
  0x0000019810b36be4: 0f1f 8400 | 5c14 0013 | e97a f6ff | ff4c 8b5c | 2460 488d | 9c24 8000 | 0000 4d8b | 1341 8b9f 
  0x0000019810b36c04: d806 0000 | 41f6 c202 | 0f85 3700 | 0000 81fb | 2707 0000 | 0f8f 4b00 | 0000 4d3b | 5c1f f874 
  0x0000019810b36c24: 1649 8bc2 | 4883 c801 | 4983 e2fe | f04d 0fb1 | 130f 852e | 0000 004d | 891c 1f41 | 8387 d806 
  0x0000019810b36c44: 0000 08eb | 1e48 33c0 | 498b 9fc8 | 0400 00f0 | 490f b15a | 3e74 0c48 | 3bd8 7509 | 49ff 8286 
  0x0000019810b36c64: 0000 0033 | c00f 8521 | 0c00 004c | 8b54 2460 | 453b 621c | 0f84 a901 | 0000 453b | 6220 0f84 
  0x0000019810b36c84: d003 0000 | 4c8b 5424 | 6041 8b6a | 204c 8b5c | 2460 488d | 8424 8000 | 0000 418b | 87d8 0600 
  0x0000019810b36ca4: 004d 8b13 | 4d3b 5c07 | f80f 852e | 0000 0041 | 83af d806 | 0000 084d | 3b5c 07f0 | 0f84 5f00 
  0x0000019810b36cc4: 0000 498b | c248 83e0 | fc49 83ca | 01f0 4d0f | b113 0f85 | f61b 0000 | e944 0000 

  0x0000019810b36ce0: ;   {other}
  0x0000019810b36ce0: 0049 83ba | 8600 0000 | 0075 3349 | c742 3e00 | 0000 00f0 | 8344 24c0 | 0049 83ba | 8e00 0000 
  0x0000019810b36d00: 0074 2249 | 83ba 9e00 | 0000 0075 | 1849 83e2 | fd4d 8997 | e805 0000 | 4183 ca01 | eb0a 49ff 
  0x0000019810b36d20: 8a86 0000 | 0045 33d2 | 0f85 870b | 0000 85ed | 0f84 a70b | 0000 4c8b | d549 c1e2 | 034d 8bda 
  0x0000019810b36d40: e9f8 f3ff 

  0x0000019810b36d44: ;   {oop(a 'jdk/internal/misc/Unsafe'{0x0000000707601b80})}
  0x0000019810b36d44: ff48 ba80 | 1b60 0707 | 0000 0048 | 8b6c 2430 

  0x0000019810b36d54: ;   {optimized virtual_call}
  0x0000019810b36d54: 6666 90e8 

  0x0000019810b36d58: ; ImmutableOopMap {rbp=Oop [40]=NarrowOop [48]=Oop [56]=Oop [64]=Oop }
                      ;*invokevirtual unpark {reexecute=0 rethrow=0 return_oop=0}
                      ; - java.util.concurrent.locks.LockSupport::unpark@27 (line 183)
                      ; - java.util.concurrent.locks.AbstractQueuedSynchronizer::signalNext@30 (line 646)
                      ; - java.util.concurrent.locks.AbstractQueuedSynchronizer::release@12 (line 1100)
                      ; - java.util.concurrent.locks.ReentrantLock::unlock@5 (line 495)
                      ; - java.awt.EventQueue::getNextEvent@61 (line 554)
                      ; - java.awt.EventDispatchThread::pumpOneEventForFilters@20 (line 190)
  0x0000019810b36d58: 8480 39ff 

  0x0000019810b36d5c: ;   {post_call_nop}
  0x0000019810b36d5c: 0f1f 8400 | d415 0014 | e9e9 eeff | ff48 8b6c | 2430 6666 | 9048 b8b0 | d04f 2698 

  0x0000019810b36d78: ;   {virtual_call}
  0x0000019810b36d78: 0100 00e8 

  0x0000019810b36d7c: ; ImmutableOopMap {rbp=Oop [48]=Oop }
                      ;*invokeinterface dispatch {reexecute=0 rethrow=0 return_oop=0}
                      ; - java.awt.EventQueue::dispatchEventImpl@21 (line 723)
                      ; - java.awt.EventQueue::dispatchEvent@22 (line 702)
                      ; - java.awt.EventDispatchThread::pumpOneEventForFilters@81 (line 203)
  0x0000019810b36d7c: 30dd 47ff 

  0x0000019810b36d80: ;   {post_call_nop}
  0x0000019810b36d80: 0f1f 8400 | f815 0015 | e90b f7ff | ff41 81fa | 2003 0000 | 0f8c 6303 | 0000 b901 | 0000 00e9 
  0x0000019810b36da0: fef0 ffff | 4b8d 14d4 | 41b8 0100 | 0000 488b 

  0x0000019810b36db0: ;   {optimized virtual_call}
  0x0000019810b36db0: 6c24 30e8 

  0x0000019810b36db4: ; ImmutableOopMap {rbp=Oop [40]=NarrowOop [48]=Oop [56]=Oop [64]=Oop }
                      ;*invokevirtual acquire {reexecute=0 rethrow=0 return_oop=0}
                      ; - java.util.concurrent.locks.ReentrantLock$Sync::lock@9 (line 154)
                      ; - java.util.concurrent.locks.ReentrantLock::lock@4 (line 323)
                      ; - java.awt.EventQueue::getNextEvent@11 (line 545)
                      ; - java.awt.EventDispatchThread::pumpOneEventForFilters@20 (line 190)
  0x0000019810b36db4: 2880 39ff 

  0x0000019810b36db8: ;   {post_call_nop}
  0x0000019810b36db8: 0f1f 8400 | 3016 0016 | e921 edff 

  0x0000019810b36dc4: ;   {metadata('jdk/internal/logger/SurrogateLogger')}
  0x0000019810b36dc4: ff41 81fa | 00fd 0201 | 0f85 2a0b | 0000 4d8b | d349 8bd2 | 488b 6c24 

  0x0000019810b36ddc: ;   {optimized virtual_call}
  0x0000019810b36ddc: 3066 90e8 

  0x0000019810b36de0: ; ImmutableOopMap {rbp=Oop [40]=NarrowOop [48]=Oop [56]=Oop [64]=Oop [72]=NarrowOop [80]=Oop }
                      ;*invokevirtual effectiveLevel {reexecute=0 rethrow=0 return_oop=1}
                      ; - jdk.internal.logger.SimpleConsoleLogger::isLoggable@1 (line 128)
                      ; - jdk.internal.logger.AbstractLoggerWrapper::isLoggable@20 (line 124)
                      ; - sun.util.logging.PlatformLogger::isLoggable@17 (line 340)
                      ; - java.awt.EventDispatchThread::pumpOneEventForFilters@57 (line 199)
  0x0000019810b36de0: fc7f 39ff 

  0x0000019810b36de4: ;   {post_call_nop}
  0x0000019810b36de4: 0f1f 8400 | 5c16 0017 

  0x0000019810b36dec: ; implicit exception: dispatches to 0x0000019810b37ea8
  0x0000019810b36dec: 448b 500c | 4183 fa01 | 0f8f 7ef3 | ffff 33ed | 4183 fa01 | 400f 9ec5 | ba45 ffff 

  0x0000019810b36e08: ;   {runtime_call UncommonTrapBlob}
  0x0000019810b36e08: ff66 90e8 

  0x0000019810b36e0c: ; ImmutableOopMap {[40]=NarrowOop [48]=Oop [72]=NarrowOop }
                      ;*ifeq {reexecute=1 rethrow=0 return_oop=0}
                      ; - (reexecute) java.awt.EventDispatchThread::pumpOneEventForFilters@60 (line 199)
  0x0000019810b36e0c: 508d 46ff 

  0x0000019810b36e10: ;   {post_call_nop}
  0x0000019810b36e10: 0f1f 8400 | 8816 0018 | 448b 4424 | 2048 8b4c | 2438 e9a0 | eaff ff4c | 8b5c 2460 | 488d 8424 
  0x0000019810b36e30: 8000 0000 | 418b 87d8 | 0600 004d | 8b13 4d3b | 5c07 f80f | 852e 0000 | 0041 83af | d806 0000 
  0x0000019810b36e50: 084d 3b5c | 07f0 0f84 | 5f00 0000 | 498b c248 | 83e0 fc49 | 83ca 01f0 | 4d0f b113 | 0f85 531a 
  0x0000019810b36e70: 0000 e944 | 0000 0049 | 83ba 8600 | 0000 0075 | 3349 c742 | 3e00 0000 | 00f0 8344 | 24c0 0049 
  0x0000019810b36e90: 83ba 8e00 | 0000 0074 | 2249 83ba | 9e00 0000 | 0075 1849 | 83e2 fd4d | 8997 e805 | 0000 4183 
  0x0000019810b36eb0: ca01 eb0a | 49ff 8a86 | 0000 0045 | 33d2 0f85 | 600a 0000 | 4c8b 5424 | 6041 8b6a | 1485 ed0f 
  0x0000019810b36ed0: 8577 0a00 | 0045 33c0 | 498b d248 | 8b6c 2430 

  0x0000019810b36ee0: ;   {static_call}
  0x0000019810b36ee0: 6666 90e8 

  0x0000019810b36ee4: ; ImmutableOopMap {rbp=Oop [40]=NarrowOop [48]=Oop [56]=Oop [64]=Oop [72]=NarrowOop [80]=Oop [88]=Oop [96]=Oop }
                      ;*invokestatic getLogger {reexecute=0 rethrow=0 return_oop=1}
                      ; - jdk.internal.logger.LazyLoggers$LazyLoggerAccessor::platform@62 (line 206)
                      ; - jdk.internal.logger.LazyLoggers$LazyLoggerWrapper::platformProxy@4 (line 332)
                      ; - jdk.internal.logger.AbstractLoggerWrapper::isLoggable@1 (line 122)
                      ; - sun.util.logging.PlatformLogger::isLoggable@17 (line 340)
                      ; - java.awt.EventDispatchThread::pumpOneEventForFilters@57 (line 199)
  0x0000019810b36ee4: f884 39ff 

  0x0000019810b36ee8: ;   {post_call_nop}
  0x0000019810b36ee8: 0f1f 8400 | 6017 0019 | 488b e84c | 8b5c 2460 | 488d 9c24 | 8000 0000 | 4d8b 1341 | 8b9f d806 
  0x0000019810b36f08: 0000 41f6 | c202 0f85 | 3700 0000 | 81fb 2707 | 0000 0f8f | 4b00 0000 | 4d3b 5c1f | f874 1649 
  0x0000019810b36f28: 8bc2 4883 | c801 4983 | e2fe f04d | 0fb1 130f | 852e 0000 | 004d 891c | 1f41 8387 | d806 0000 
  0x0000019810b36f48: 08eb 1e48 | 33c0 498b | 9fc8 0400 | 00f0 490f | b15a 3e74 | 0c48 3bd8 | 7509 49ff | 8286 0000 
  0x0000019810b36f68: 0033 c00f | 8503 0a00 | 0048 8b54 | 2460 4c8b | c548 8b6c 

  0x0000019810b36f7c: ;   {optimized virtual_call}
  0x0000019810b36f7c: 2430 90e8 

  0x0000019810b36f80: ; ImmutableOopMap {rbp=Oop [40]=NarrowOop [48]=Oop [56]=Oop [64]=Oop [72]=NarrowOop [80]=Oop [88]=Oop [96]=Oop }
                      ;*invokevirtual setWrappedIfNotSet {reexecute=0 rethrow=0 return_oop=0}
                      ; - jdk.internal.logger.LazyLoggers$LazyLoggerAccessor::platform@72 (line 209)
                      ; - jdk.internal.logger.LazyLoggers$LazyLoggerWrapper::platformProxy@4 (line 332)
                      ; - jdk.internal.logger.AbstractLoggerWrapper::isLoggable@1 (line 122)
                      ; - sun.util.logging.PlatformLogger::isLoggable@17 (line 340)
                      ; - java.awt.EventDispatchThread::pumpOneEventForFilters@57 (line 199)
  0x0000019810b36f80: 5c7e 39ff 

  0x0000019810b36f84: ;   {post_call_nop}
  0x0000019810b36f84: 0f1f 8400 | fc17 001a | 4c8b 5424 | 6045 3b62 | 200f 84aa | 0100 004c | 8b54 2460 | 418b 6a20 
  0x0000019810b36fa4: 4c8b 5c24 | 6048 8d84 | 2480 0000 | 0041 8b87 | d806 0000 | 4d8b 134d | 3b5c 07f8 | 0f85 2e00 
  0x0000019810b36fc4: 0000 4183 | afd8 0600 | 0008 4d3b | 5c07 f00f | 845f 0000 | 0049 8bc2 | 4883 e0fc | 4983 ca01 
  0x0000019810b36fe4: f04d 0fb1 | 130f 85c9 | 1800 00e9 | 4400 0000 | 4983 ba86 | 0000 0000 | 7533 49c7 | 423e 0000 
  0x0000019810b37004: 0000 f083 | 4424 c000 | 4983 ba8e | 0000 0000 | 7422 4983 | ba9e 0000 | 0000 7518 | 4983 e2fd 
  0x0000019810b37024: 4d89 97e8 | 0500 0041 | 83ca 01eb | 0a49 ff8a | 8600 0000 | 4533 d20f | 8550 0900 | 0085 ed0f 
  0x0000019810b37044: 8494 0800 | 004c 8bd5 | 49c1 e203 | 4d8b dae9 | e5f0 ffff | 458b 5a1c | 498b d348 | c1e2 0348 
  0x0000019810b37064: 8b6c 2430 

  0x0000019810b37068: ;   {static_call}
  0x0000019810b37068: 6666 90e8 

  0x0000019810b3706c: ; ImmutableOopMap {rbp=Oop [40]=NarrowOop [48]=Oop [56]=Oop [64]=Oop [72]=NarrowOop [80]=Oop [88]=Oop [96]=Oop }
                      ;*invokestatic convert {reexecute=0 rethrow=0 return_oop=1}
                      ; - jdk.internal.logger.LazyLoggers$LazyLoggerAccessor::platform@34 (line 197)
                      ; - jdk.internal.logger.LazyLoggers$LazyLoggerWrapper::platformProxy@4 (line 332)
                      ; - jdk.internal.logger.AbstractLoggerWrapper::isLoggable@1 (line 122)
                      ; - sun.util.logging.PlatformLogger::isLoggable@17 (line 340)
                      ; - java.awt.EventDispatchThread::pumpOneEventForFilters@57 (line 199)
  0x0000019810b3706c: 7083 39ff 

  0x0000019810b37070: ;   {post_call_nop}
  0x0000019810b37070: 0f1f 8400 | e818 001b | 4c8b 4c24 | 604d 8d51 | 2041 807f | 4800 0f85 | ae16 0000 | 4c8b c049 
  0x0000019810b37090: c1e8 0345 | 8902 4d8b | da4c 33d8 | 49c1 eb15 | 0f84 2800 | 0000 4883 | f800 0f84 | 1e00 0000 
  0x0000019810b370b0: 4d8b da49 | c1eb 0949 | b800 20c0 | 1498 0100 | 004d 03d8 | 4180 3b02 | 0f85 d416 | 0000 f083 
  0x0000019810b370d0: 4424 c000 | e9af fbff | ff44 8b5c 

  0x0000019810b370dc: ;   {metadata('java/awt/event/MouseEvent')}
  0x0000019810b370dc: 2424 4181 | fb08 f418 | 010f 85ce | 0800 004c | 8b54 2450 | 41c6 4218 | 0145 33db | e9c9 efff 
  0x0000019810b370fc: ff41 81fa | fa01 0000 | 0f85 86ed 

  0x0000019810b37108: ;   {metadata('java/awt/event/MouseEvent')}
  0x0000019810b37108: ffff 4181 | f908 f418 | 010f 851d | 0900 00b9 | 0300 0000 | e981 edff 

  0x0000019810b37120: ;   {metadata('java/lang/ref/WeakReference')}
  0x0000019810b37120: ff48 ba68 | 731b 1c00 | 0000 0048 | 8b6c 2440 

  0x0000019810b37130: ;   {runtime_call C2 Runtime new_instance}
  0x0000019810b37130: 6666 90e8 

  0x0000019810b37134: ; ImmutableOopMap {rbp=Oop [40]=NarrowOop [48]=Oop [56]=Oop [72]=NarrowOop [80]=Oop }
                      ;*new {reexecute=0 rethrow=0 return_oop=1}
                      ; - java.awt.EventQueue::setCurrentEventAndMostRecentTimeImpl@36 (line 1207)
                      ; - java.awt.EventQueue::dispatchEventImpl@14 (line 722)
                      ; - java.awt.EventQueue::dispatchEvent@22 (line 702)
                      ; - java.awt.EventDispatchThread::pumpOneEventForFilters@81 (line 203)
  0x0000019810b37134: a8d8 46ff 

  0x0000019810b37138: ;   {post_call_nop}
  0x0000019810b37138: 0f1f 8400 | b019 001c | e9a3 f1ff | ff45 8b5a | 1c49 8bd3 | 48c1 e203 

  0x0000019810b37150: ;   {static_call}
  0x0000019810b37150: 6666 90e8 

  0x0000019810b37154: ; ImmutableOopMap {rbp=Oop [40]=NarrowOop [48]=Oop [56]=Oop [64]=Oop [72]=NarrowOop [80]=Oop [88]=Oop [96]=Oop }
                      ;*invokestatic convert {reexecute=0 rethrow=0 return_oop=1}
                      ; - jdk.internal.logger.LazyLoggers$LazyLoggerAccessor::platform@87 (line 210)
                      ; - jdk.internal.logger.LazyLoggers$LazyLoggerWrapper::platformProxy@4 (line 332)
                      ; - jdk.internal.logger.AbstractLoggerWrapper::isLoggable@1 (line 122)
                      ; - sun.util.logging.PlatformLogger::isLoggable@17 (line 340)
                      ; - java.awt.EventDispatchThread::pumpOneEventForFilters@57 (line 199)
  0x0000019810b37154: 8882 39ff 

  0x0000019810b37158: ;   {post_call_nop}
  0x0000019810b37158: 0f1f 8400 | d019 001d | 4c8b 4c24 | 604d 8d59 | 2041 807f | 4800 0f85 | 8516 0000 | 4c8b c049 
  0x0000019810b37178: c1e8 0345 | 8903 4d8b | d34c 33d0 | 49c1 ea15 | 0f84 2800 | 0000 4883 | f800 0f84 | 1e00 0000 
  0x0000019810b37198: 4d8b d349 | c1ea 0949 | b800 20c0 | 1498 0100 | 004d 03d0 | 4180 3a02 | 0f85 ab16 | 0000 f083 
  0x0000019810b371b8: 4424 c000 | e9da fdff | ff49 8b4f | 3041 8b58 

  0x0000019810b371c8: ; ImmutableOopMap {r9=Oop rbx=NarrowOop [40]=NarrowOop [48]=Oop [56]=Oop [64]=Oop [72]=NarrowOop [76]=NarrowOop [80]=Oop [88]=Oop }
                      ;*goto {reexecute=1 rethrow=0 return_oop=0}
                      ; - (reexecute) java.awt.ModalEventFilter::acceptEvent@109 (line 63)
                      ; - java.awt.EventDispatchThread::filterAndCheckEvent@42 (line 169)
                      ; - java.awt.EventDispatchThread::pumpOneEventForFilters@35 (line 192)
                      ;   {poll}
  0x0000019810b371c8: 4485 0185 | db0f 84ea | ebff ff4d | 8d04 dce9 | 0bf8 ffff | ba6e ffff | ff48 8b6c 

  0x0000019810b371e4: ;   {runtime_call UncommonTrapBlob}
  0x0000019810b371e4: 2430 90e8 

  0x0000019810b371e8: ; ImmutableOopMap {rbp=Oop [40]=NarrowOop }
                      ;*iflt {reexecute=1 rethrow=0 return_oop=0}
                      ; - (reexecute) java.awt.EventQueue::getNextEventPrivate@3 (line 563)
                      ; - java.awt.EventQueue::getNextEvent@17 (line 547)
                      ; - java.awt.EventDispatchThread::pumpOneEventForFilters@20 (line 190)
  0x0000019810b371e8: 7489 46ff 

  0x0000019810b371ec: ;   {post_call_nop}
  0x0000019810b371ec: 0f1f 8400 | 641a 001f | bae4 ffff | ff48 8b6c | 2430 4489 

  0x0000019810b37200: ;   {runtime_call UncommonTrapBlob}
  0x0000019810b37200: 4424 2ce8 

  0x0000019810b37204: ; ImmutableOopMap {rbp=Oop [40]=NarrowOop [44]=NarrowOop }
                      ;*aaload {reexecute=0 rethrow=0 return_oop=0}
                      ; - java.awt.EventQueue::getNextEventPrivate@11 (line 564)
                      ; - java.awt.EventQueue::getNextEvent@17 (line 547)
                      ; - java.awt.EventDispatchThread::pumpOneEventForFilters@20 (line 190)
  0x0000019810b37204: 5889 46ff 

  0x0000019810b37208: ;   {post_call_nop}
  0x0000019810b37208: 0f1f 8400 | 801a 0020 | bae4 ffff | ff48 8b6c | 2430 448b | 4424 2844 | 8944 2420 | 4489 4c24 
  0x0000019810b37228: 3044 8954 | 2434 4489 | 5424 3844 | 895c 243c | 448b 5c24 | 4844 895c 

  0x0000019810b37240: ;   {runtime_call UncommonTrapBlob}
  0x0000019810b37240: 2444 90e8 

  0x0000019810b37244: ; ImmutableOopMap {rbp=Oop [32]=NarrowOop [48]=NarrowOop [68]=NarrowOop [76]=NarrowOop }
                      ;*invokestatic checkIndex {reexecute=0 rethrow=0 return_oop=0}
                      ; - java.util.Objects::checkIndex@3 (line 365)
                      ; - java.util.ArrayList::get@5 (line 428)
                      ; - java.awt.EventDispatchThread::filterAndCheckEvent@31 (line 168)
                      ; - java.awt.EventDispatchThread::pumpOneEventForFilters@35 (line 192)
  0x0000019810b37244: 1889 46ff 

  0x0000019810b37248: ;   {post_call_nop}
  0x0000019810b37248: 0f1f 8400 | c01a 0021 | bae4 ffff | ff48 8b6c | 2430 448b | 5c24 2844 | 895c 2420 | 4489 5424 
  0x0000019810b37268: 2444 8944 | 2430 448b | 5424 4844 | 8954 243c | 448b 5424 | 4c44 8954 

  0x0000019810b37280: ;   {runtime_call UncommonTrapBlob}
  0x0000019810b37280: 2444 90e8 

  0x0000019810b37284: ; ImmutableOopMap {rbp=Oop [32]=NarrowOop [48]=NarrowOop [60]=NarrowOop [68]=NarrowOop [72]=NarrowOop [76]=NarrowOop }
                      ;*aaload {reexecute=0 rethrow=0 return_oop=0}
                      ; - java.util.ArrayList::elementData@5 (line 412)
                      ; - java.util.ArrayList::get@11 (line 429)
                      ; - java.awt.EventDispatchThread::filterAndCheckEvent@31 (line 168)
                      ; - java.awt.EventDispatchThread::pumpOneEventForFilters@35 (line 192)
  0x0000019810b37284: d888 46ff 

  0x0000019810b37288: ;   {post_call_nop}
  0x0000019810b37288: 0f1f 8400 | 001b 0022 | baf6 ffff | ff49 8beb | 4489 5424 

  0x0000019810b3729c: ;   {runtime_call UncommonTrapBlob}
  0x0000019810b3729c: 2466 90e8 

  0x0000019810b372a0: ; ImmutableOopMap {rbp=Oop [36]=NarrowOop }
                      ;*invokevirtual get {reexecute=0 rethrow=0 return_oop=0}
                      ; - sun.awt.SunToolkit::flushPendingEvents@3 (line 501)
                      ; - java.awt.EventQueue::getNextEvent@4 (line 544)
                      ; - java.awt.EventDispatchThread::pumpOneEventForFilters@20 (line 190)
  0x0000019810b372a0: bc88 46ff 

  0x0000019810b372a4: ;   {post_call_nop}
  0x0000019810b372a4: 0f1f 8400 | 1c1b 0023 | baf6 ffff | ff48 8b6c | 2430 448b | 5c24 2845 | 8bd3 4489 

  0x0000019810b372c0: ;   {runtime_call UncommonTrapBlob}
  0x0000019810b372c0: 5424 24e8 

  0x0000019810b372c4: ; ImmutableOopMap {rbp=Oop [36]=NarrowOop [40]=NarrowOop }
                      ;*invokevirtual lock {reexecute=0 rethrow=0 return_oop=0}
                      ; - java.util.concurrent.locks.ReentrantLock::lock@4 (line 323)
                      ; - java.awt.EventQueue::getNextEvent@11 (line 545)
                      ; - java.awt.EventDispatchThread::pumpOneEventForFilters@20 (line 190)
  0x0000019810b372c4: 9888 46ff 

  0x0000019810b372c8: ;   {post_call_nop}
  0x0000019810b372c8: 0f1f 8400 | 401b 0024 | baf6 ffff | ff48 8b6c | 2430 448b | 5c24 2844 | 895c 2420 | 448b 5424 
  0x0000019810b372e8: 4844 8954 

  0x0000019810b372ec: ;   {runtime_call UncommonTrapBlob}
  0x0000019810b372ec: 2430 90e8 

  0x0000019810b372f0: ; ImmutableOopMap {rbp=Oop [32]=NarrowOop [48]=NarrowOop [72]=NarrowOop }
                      ;*monitorenter {reexecute=0 rethrow=0 return_oop=0}
                      ; - java.awt.EventDispatchThread::filterAndCheckEvent@8 (line 166)
                      ; - java.awt.EventDispatchThread::pumpOneEventForFilters@35 (line 192)
  0x0000019810b372f0: 6c88 46ff 

  0x0000019810b372f4: ;   {post_call_nop}
  0x0000019810b372f4: 0f1f 8400 | 6c1b 0025 | bacc ffff | ff48 8b6c | 2430 8b4c | 2428 894c | 2420 4489 | 4c24 3044 
  0x0000019810b37314: 8954 2434 | 4489 5424 | 3844 895c | 243c 448b | 5424 4844 | 8954 2444 

  0x0000019810b3732c: ;   {runtime_call UncommonTrapBlob}
  0x0000019810b3732c: 6666 90e8 

  0x0000019810b37330: ; ImmutableOopMap {rbp=Oop [32]=NarrowOop [48]=NarrowOop [68]=NarrowOop [76]=NarrowOop }
                      ;*invokestatic checkIndex {reexecute=0 rethrow=0 return_oop=0}
                      ; - java.util.Objects::checkIndex@3 (line 365)
                      ; - java.util.ArrayList::get@5 (line 428)
                      ; - java.awt.EventDispatchThread::filterAndCheckEvent@31 (line 168)
                      ; - java.awt.EventDispatchThread::pumpOneEventForFilters@35 (line 192)
  0x0000019810b37330: 2c88 46ff 

  0x0000019810b37334: ;   {post_call_nop}
  0x0000019810b37334: 0f1f 8400 | ac1b 0026 | 458b ea48 | 8bf1 498b | fb41 8bd8 | 498b cb48 | 8d94 2480 | 0000 004d 
  0x0000019810b37354: ;   {runtime_call}
  0x0000019810b37354: 8bc7 49ba | 80c3 ac20 | fd7f 0000 

  0x0000019810b37360: ;   {post_call_nop}
  0x0000019810b37360: 41ff d20f | 1f84 0000 | 0000 0044 | 8bc3 4c8b | df48 8bce | 458b d5e9 | 65e6 ffff | 4889 4c24 
  0x0000019810b37380: 2841 8be8 | 488b 5424 | 304c 8d84 | 2480 0000 

  0x0000019810b37390: ;   {runtime_call C2 Runtime complete_monitor_locking}
  0x0000019810b37390: 0066 90e8 

  0x0000019810b37394: ; ImmutableOopMap {[40]=Oop [48]=Oop }
                      ;*synchronization entry
                      ; - java.awt.EventDispatchThread::getEventQueue@-1 (line 222)
                      ; - java.awt.EventDispatchThread::pumpOneEventForFilters@8 (line 188)
  0x0000019810b37394: c8bb 46ff 

  0x0000019810b37398: ;   {post_call_nop}
  0x0000019810b37398: 0f1f 8400 | 101c 0027 | 448b c54c | 8b5c 2430 | 488b 4c24 | 28e9 93e5 | ffff bade 

  0x0000019810b373b4: ;   {runtime_call UncommonTrapBlob}
  0x0000019810b373b4: ffff ffe8 

  0x0000019810b373b8: ; ImmutableOopMap {rbp=NarrowOop [40]=NarrowOop [48]=Oop }
                      ;*invokeinterface lock {reexecute=0 rethrow=0 return_oop=0}
                      ; - java.awt.EventQueue::getNextEvent@11 (line 545)
                      ; - java.awt.EventDispatchThread::pumpOneEventForFilters@20 (line 190)
  0x0000019810b373b8: a487 46ff 

  0x0000019810b373bc: ;   {post_call_nop}
  0x0000019810b373bc: 0f1f 8400 | 341c 0028 | bade ffff 

  0x0000019810b373c8: ;   {runtime_call UncommonTrapBlob}
  0x0000019810b373c8: ff66 90e8 

  0x0000019810b373cc: ; ImmutableOopMap {rbp=NarrowOop [40]=NarrowOop [48]=Oop [72]=NarrowOop }
                      ;*invokeinterface unlock {reexecute=0 rethrow=0 return_oop=0}
                      ; - java.awt.EventQueue::getNextEvent@31 (line 554)
                      ; - java.awt.EventDispatchThread::pumpOneEventForFilters@20 (line 190)
  0x0000019810b373cc: 9087 46ff 

  0x0000019810b373d0: ;   {post_call_nop}
  0x0000019810b373d0: 0f1f 8400 | 481c 0029 | 498b d34c | 8d84 2480 | 0000 0048 | 8b6c 2430 

  0x0000019810b373e8: ;   {runtime_call C2 Runtime complete_monitor_locking}
  0x0000019810b373e8: 6666 90e8 

  0x0000019810b373ec: ; ImmutableOopMap {rbp=Oop [40]=NarrowOop [48]=Oop [56]=Oop [64]=Oop [72]=NarrowOop [76]=NarrowOop [80]=Oop [88]=Oop }
                      ;*monitorenter {reexecute=0 rethrow=0 return_oop=0}
                      ; - java.awt.EventDispatchThread::filterAndCheckEvent@8 (line 166)
                      ; - java.awt.EventDispatchThread::pumpOneEventForFilters@35 (line 192)
  0x0000019810b373ec: 70bb 46ff 

  0x0000019810b373f0: ;   {post_call_nop}
  0x0000019810b373f0: 0f1f 8400 | 681c 002a | e9e5 ebff | ff49 8bcb | 488d 9424 | 8000 0000 

  0x0000019810b37408: ;   {runtime_call}
  0x0000019810b37408: 4d8b c749 | ba80 c3ac | 20fd 7f00 | 0041 ffd2 

  0x0000019810b37418: ;   {post_call_nop}
  0x0000019810b37418: 0f1f 8400 | 0000 0000 | e979 ecff | ffba 6eff | ffff 488b | 6c24 3044 | 8944 2420 

  0x0000019810b37434: ;   {runtime_call UncommonTrapBlob}
  0x0000019810b37434: 6666 90e8 

  0x0000019810b37438: ; ImmutableOopMap {rbp=Oop }
                      ;*aload_0 {reexecute=0 rethrow=0 return_oop=0}
                      ; - java.awt.EventDispatchThread::pumpOneEventForFilters@7 (line 188)
  0x0000019810b37438: 2487 46ff 

  0x0000019810b3743c: ;   {post_call_nop}
  0x0000019810b3743c: 0f1f 8400 | b41c 002b | baec ffff | ff4c 8b5c | 2430 4c89 | 5c24 2044 | 8954 2430 

  0x0000019810b37458: ;   {runtime_call UncommonTrapBlob}
  0x0000019810b37458: 6666 90e8 

  0x0000019810b3745c: ; ImmutableOopMap {rbp=NarrowOop [32]=Oop [40]=NarrowOop [48]=NarrowOop [72]=NarrowOop }
                      ;*ifnull {reexecute=1 rethrow=0 return_oop=0}
                      ; - (reexecute) java.awt.EventQueue::dispatchEvent@9 (line 701)
                      ; - java.awt.EventDispatchThread::pumpOneEventForFilters@81 (line 203)
  0x0000019810b3745c: 0087 46ff 

  0x0000019810b37460: ;   {post_call_nop}
  0x0000019810b37460: 0f1f 8400 | d81c 002c | baf6 ffff | ff48 8b6c | 2430 4489 | 5c24 2044 | 8944 2428 

  0x0000019810b3747c: ;   {runtime_call UncommonTrapBlob}
  0x0000019810b3747c: 6666 90e8 

  0x0000019810b37480: ; ImmutableOopMap {rbp=Oop [32]=NarrowOop [40]=NarrowOop [72]=NarrowOop }
                      ;*invokevirtual lock {reexecute=0 rethrow=0 return_oop=0}
                      ; - java.util.concurrent.locks.ReentrantLock::lock@4 (line 323)
                      ; - java.awt.EventQueue::setCurrentEventAndMostRecentTimeImpl@4 (line 1201)
                      ; - java.awt.EventQueue::dispatchEventImpl@14 (line 722)
                      ; - java.awt.EventQueue::dispatchEvent@22 (line 702)
                      ; - java.awt.EventDispatchThread::pumpOneEventForFilters@81 (line 203)
  0x0000019810b37480: dc86 46ff 

  0x0000019810b37484: ;   {post_call_nop}
  0x0000019810b37484: 0f1f 8400 | fc1c 002d | bade ffff | ff4c 8b54 | 2430 4c89 

  0x0000019810b37498: ;   {runtime_call UncommonTrapBlob}
  0x0000019810b37498: 5424 20e8 

  0x0000019810b3749c: ; ImmutableOopMap {rbp=NarrowOop [32]=Oop [40]=NarrowOop [72]=NarrowOop [88]=Oop }
                      ;*invokeinterface platform {reexecute=0 rethrow=0 return_oop=0}
                      ; - jdk.internal.logger.LazyLoggers$LazyLoggerWrapper::platformProxy@4 (line 332)
                      ; - jdk.internal.logger.AbstractLoggerWrapper::isLoggable@1 (line 122)
                      ; - sun.util.logging.PlatformLogger::isLoggable@17 (line 340)
                      ; - java.awt.EventDispatchThread::pumpOneEventForFilters@57 (line 199)
  0x0000019810b3749c: c086 46ff 

  0x0000019810b374a0: ;   {post_call_nop}
  0x0000019810b374a0: 0f1f 8400 | 181d 002e | bade ffff | ff4c 8b54 | 2430 4c89 | 5424 2044 | 8944 2430 

  0x0000019810b374bc: ;   {runtime_call UncommonTrapBlob}
  0x0000019810b374bc: 6666 90e8 

  0x0000019810b374c0: ; ImmutableOopMap {rbp=NarrowOop [32]=Oop [40]=NarrowOop [48]=NarrowOop [72]=NarrowOop }
                      ;*invokeinterface lock {reexecute=0 rethrow=0 return_oop=0}
                      ; - java.awt.EventQueue::setCurrentEventAndMostRecentTimeImpl@4 (line 1201)
                      ; - java.awt.EventQueue::dispatchEventImpl@14 (line 722)
                      ; - java.awt.EventQueue::dispatchEvent@22 (line 702)
                      ; - java.awt.EventDispatchThread::pumpOneEventForFilters@81 (line 203)
  0x0000019810b374c0: 9c86 46ff 

  0x0000019810b374c4: ;   {post_call_nop}
  0x0000019810b374c4: 0f1f 8400 | 3c1d 002f | bade ffff 

  0x0000019810b374d0: ;   {runtime_call UncommonTrapBlob}
  0x0000019810b374d0: ff66 90e8 

  0x0000019810b374d4: ; ImmutableOopMap {rbp=NarrowOop [48]=Oop [72]=NarrowOop }
                      ;*invokeinterface unlock {reexecute=0 rethrow=0 return_oop=0}
                      ; - java.awt.EventQueue::setCurrentEventAndMostRecentTimeImpl@168 (line 1236)
                      ; - java.awt.EventQueue::dispatchEventImpl@14 (line 722)
                      ; - java.awt.EventQueue::dispatchEvent@22 (line 702)
                      ; - java.awt.EventDispatchThread::pumpOneEventForFilters@81 (line 203)
  0x0000019810b374d4: 8886 46ff 

  0x0000019810b374d8: ;   {post_call_nop}
  0x0000019810b374d8: 0f1f 8400 | 501d 0030 | ba45 ffff | ff4c 8b54 | 2430 4c89 | 5424 2044 | 8b54 2448 | 4489 5424 
  0x0000019810b374f8: ;   {runtime_call UncommonTrapBlob}
  0x0000019810b374f8: 3066 90e8 

  0x0000019810b374fc: ; ImmutableOopMap {[32]=Oop [40]=NarrowOop [48]=NarrowOop [72]=NarrowOop }
                      ;*ifne {reexecute=1 rethrow=0 return_oop=0}
                      ; - (reexecute) java.awt.EventQueue::setCurrentEventAndMostRecentTimeImpl@12 (line 1203)
                      ; - java.awt.EventQueue::dispatchEventImpl@14 (line 722)
                      ; - java.awt.EventQueue::dispatchEvent@22 (line 702)
                      ; - java.awt.EventDispatchThread::pumpOneEventForFilters@81 (line 203)
  0x0000019810b374fc: 6086 46ff 

  0x0000019810b37500: ;   {post_call_nop}
  0x0000019810b37500: 0f1f 8400 | 781d 0031 | ba45 ffff | ff4c 8b5c | 2430 4c89 | 5c24 2044 | 8954 2430 

  0x0000019810b3751c: ;   {runtime_call UncommonTrapBlob}
  0x0000019810b3751c: 6666 90e8 

  0x0000019810b37520: ; ImmutableOopMap {rbp=NarrowOop [32]=Oop [40]=NarrowOop [48]=NarrowOop [56]=Oop [72]=NarrowOop }
                      ;*if_acmpeq {reexecute=1 rethrow=0 return_oop=0}
                      ; - (reexecute) java.util.concurrent.locks.ReentrantLock$Sync::tryRelease@14 (line 175)
                      ; - java.util.concurrent.locks.AbstractQueuedSynchronizer::release@2 (line 1099)
                      ; - java.util.concurrent.locks.ReentrantLock::unlock@5 (line 495)
                      ; - java.awt.EventQueue::getNextEvent@31 (line 554)
                      ; - java.awt.EventDispatchThread::pumpOneEventForFilters@20 (line 190)
  0x0000019810b37520: 3c86 46ff 

  0x0000019810b37524: ;   {post_call_nop}
  0x0000019810b37524: 0f1f 8400 | 9c1d 0032 | ba45 ffff | ff4c 8b54 | 2430 4c89 | 5424 2044 | 8b54 2448 | 4489 5424 
  0x0000019810b37544: ;   {runtime_call UncommonTrapBlob}
  0x0000019810b37544: 3066 90e8 

  0x0000019810b37548: ; ImmutableOopMap {[32]=Oop [40]=NarrowOop [48]=NarrowOop [72]=NarrowOop }
                      ;*ifeq {reexecute=1 rethrow=0 return_oop=0}
                      ; - (reexecute) sun.awt.dnd.SunDragSourceContextPeer::checkEvent@3 (line 368)
                      ; - java.awt.EventDispatchThread::filterAndCheckEvent@96 (line 178)
                      ; - java.awt.EventDispatchThread::pumpOneEventForFilters@35 (line 192)
  0x0000019810b37548: 1486 46ff 

  0x0000019810b3754c: ;   {post_call_nop}
  0x0000019810b3754c: 0f1f 8400 | c41d 0033 | 4c89 4c24 | 3844 8b5c | 2448 4489 | 5c24 44ba | 45ff ffff 

  0x0000019810b37568: ;   {runtime_call UncommonTrapBlob}
  0x0000019810b37568: 6666 90e8 

  0x0000019810b3756c: ; ImmutableOopMap {rbp=NarrowOop [40]=NarrowOop [48]=Oop [56]=Oop [68]=NarrowOop [72]=NarrowOop [76]=NarrowOop }
                      ;*ifnull {reexecute=1 rethrow=0 return_oop=0}
                      ; - (reexecute) java.awt.EventDispatchThread$HierarchyEventFilter::acceptEvent@4 (line 234)
                      ; - java.awt.EventDispatchThread::filterAndCheckEvent@42 (line 169)
                      ; - java.awt.EventDispatchThread::pumpOneEventForFilters@35 (line 192)
  0x0000019810b3756c: f085 46ff 

  0x0000019810b37570: ;   {post_call_nop}
  0x0000019810b37570: 0f1f 8400 | e81d 0034 | ba45 ffff | ff4c 8b54 | 2430 4c89 | 5424 2044 | 895c 2434 

  0x0000019810b3758c: ;   {runtime_call UncommonTrapBlob}
  0x0000019810b3758c: 6666 90e8 

  0x0000019810b37590: ; ImmutableOopMap {[32]=Oop [40]=NarrowOop [72]=NarrowOop }
                      ;*if_icmplt {reexecute=1 rethrow=0 return_oop=0}
                      ; - (reexecute) java.util.logging.Logger::isLoggable@13 (line 2013)
                      ; - sun.util.logging.internal.LoggingProviderImpl$JULWrapper::isLoggable@8 (line 206)
                      ; - jdk.internal.logger.AbstractLoggerWrapper::isLoggable@20 (line 124)
                      ; - sun.util.logging.PlatformLogger::isLoggable@17 (line 340)
                      ; - java.awt.EventDispatchThread::pumpOneEventForFilters@57 (line 199)
  0x0000019810b37590: cc85 46ff 

  0x0000019810b37594: ;   {post_call_nop}
  0x0000019810b37594: 0f1f 8400 | 0c1e 0035 | ba45 ffff | ff4c 8b54 | 2430 4c89 

  0x0000019810b375a8: ;   {runtime_call UncommonTrapBlob}
  0x0000019810b375a8: 5424 20e8 

  0x0000019810b375ac: ; ImmutableOopMap {rbp=NarrowOop [32]=Oop [40]=NarrowOop [56]=Oop [72]=NarrowOop }
                      ;*if_acmpeq {reexecute=1 rethrow=0 return_oop=0}
                      ; - (reexecute) java.awt.EventQueue::setCurrentEventAndMostRecentTimeImpl@22 (line 1203)
                      ; - java.awt.EventQueue::dispatchEventImpl@14 (line 722)
                      ; - java.awt.EventQueue::dispatchEvent@22 (line 702)
                      ; - java.awt.EventDispatchThread::pumpOneEventForFilters@81 (line 203)
  0x0000019810b375ac: b085 46ff 

  0x0000019810b375b0: ;   {post_call_nop}
  0x0000019810b375b0: 0f1f 8400 | 281e 0036 | ba45 ffff | ff4c 8b54 | 2430 4c89 | 5424 2089 

  0x0000019810b375c8: ;   {runtime_call UncommonTrapBlob}
  0x0000019810b375c8: 5c24 2ce8 

  0x0000019810b375cc: ; ImmutableOopMap {rbp=NarrowOop [32]=Oop [44]=NarrowOop [56]=Oop [72]=NarrowOop }
                      ;*if_acmpeq {reexecute=1 rethrow=0 return_oop=0}
                      ; - (reexecute) java.util.concurrent.locks.ReentrantLock$Sync::tryRelease@14 (line 175)
                      ; - java.util.concurrent.locks.AbstractQueuedSynchronizer::release@2 (line 1099)
                      ; - java.util.concurrent.locks.ReentrantLock::unlock@5 (line 495)
                      ; - java.awt.EventQueue::setCurrentEventAndMostRecentTimeImpl@168 (line 1236)
                      ; - java.awt.EventQueue::dispatchEventImpl@14 (line 722)
                      ; - java.awt.EventQueue::dispatchEvent@22 (line 702)
                      ; - java.awt.EventDispatchThread::pumpOneEventForFilters@81 (line 203)
  0x0000019810b375cc: 9085 46ff 

  0x0000019810b375d0: ;   {post_call_nop}
  0x0000019810b375d0: 0f1f 8400 | 481e 0037 | ba45 ffff 

  0x0000019810b375dc: ;   {runtime_call UncommonTrapBlob}
  0x0000019810b375dc: ff66 90e8 

  0x0000019810b375e0: ; ImmutableOopMap {[40]=Oop [48]=Oop }
                      ;*ifeq {reexecute=1 rethrow=0 return_oop=0}
                      ; - (reexecute) java.awt.event.InvocationEvent::dispatch@4 (line 311)
                      ; - java.awt.EventQueue::dispatchEventImpl@21 (line 723)
                      ; - java.awt.EventQueue::dispatchEvent@22 (line 702)
                      ; - java.awt.EventDispatchThread::pumpOneEventForFilters@81 (line 203)
  0x0000019810b375e0: 7c85 46ff 

  0x0000019810b375e4: ;   {post_call_nop}
  0x0000019810b375e4: 0f1f 8400 | 5c1e 0038 | ba45 ffff 

  0x0000019810b375f0: ;   {runtime_call UncommonTrapBlob}
  0x0000019810b375f0: ff66 90e8 

  0x0000019810b375f4: ; ImmutableOopMap {rbp=NarrowOop [40]=Oop [48]=Oop }
                      ;*ifnull {reexecute=1 rethrow=0 return_oop=0}
                      ; - (reexecute) java.awt.event.InvocationEvent::finishedDispatching@9 (line 407)
                      ; - java.awt.event.InvocationEvent::dispatch@54 (line 326)
                      ; - java.awt.EventQueue::dispatchEventImpl@21 (line 723)
                      ; - java.awt.EventQueue::dispatchEvent@22 (line 702)
                      ; - java.awt.EventDispatchThread::pumpOneEventForFilters@81 (line 203)
  0x0000019810b375f4: 6885 46ff 

  0x0000019810b375f8: ;   {post_call_nop}
  0x0000019810b375f8: 0f1f 8400 | 701e 0039 | ba45 ffff 

  0x0000019810b37604: ;   {runtime_call UncommonTrapBlob}
  0x0000019810b37604: ff66 90e8 

  0x0000019810b37608: ; ImmutableOopMap {rbp=NarrowOop [40]=Oop [48]=Oop }
                      ;*ifnull {reexecute=1 rethrow=0 return_oop=0}
                      ; - (reexecute) java.awt.event.InvocationEvent::finishedDispatching@40 (line 413)
                      ; - java.awt.event.InvocationEvent::dispatch@54 (line 326)
                      ; - java.awt.EventQueue::dispatchEventImpl@21 (line 723)
                      ; - java.awt.EventQueue::dispatchEvent@22 (line 702)
                      ; - java.awt.EventDispatchThread::pumpOneEventForFilters@81 (line 203)
  0x0000019810b37608: 5485 46ff 

  0x0000019810b3760c: ;   {post_call_nop}
  0x0000019810b3760c: 0f1f 8400 | 841e 003a | baf6 ffff | ff48 8b6c 

  0x0000019810b3761c: ;   {runtime_call UncommonTrapBlob}
  0x0000019810b3761c: 2430 90e8 

  0x0000019810b37620: ; ImmutableOopMap {rbp=Oop [40]=NarrowOop }
                      ;*invokevirtual get {reexecute=0 rethrow=0 return_oop=0}
                      ; - sun.awt.SunToolkit::flushPendingEvents@3 (line 501)
                      ; - java.awt.EventQueue::getNextEvent@4 (line 544)
                      ; - java.awt.EventDispatchThread::pumpOneEventForFilters@20 (line 190)
  0x0000019810b37620: 3c85 46ff 

  0x0000019810b37624: ;   {post_call_nop}
  0x0000019810b37624: 0f1f 8400 | 9c1e 003b | baf6 ffff | ff48 8b6c 

  0x0000019810b37634: ;   {runtime_call UncommonTrapBlob}
  0x0000019810b37634: 2430 90e8 

  0x0000019810b37638: ; ImmutableOopMap {rbp=Oop [40]=NarrowOop }
                      ;*invokevirtual lock {reexecute=0 rethrow=0 return_oop=0}
                      ; - java.util.concurrent.locks.ReentrantLock::lock@4 (line 323)
                      ; - java.awt.EventQueue::getNextEvent@11 (line 545)
                      ; - java.awt.EventDispatchThread::pumpOneEventForFilters@20 (line 190)
  0x0000019810b37638: 2485 46ff 

  0x0000019810b3763c: ;   {post_call_nop}
  0x0000019810b3763c: 0f1f 8400 | b41e 003c | bade ffff 

  0x0000019810b37648: ;   {runtime_call UncommonTrapBlob}
  0x0000019810b37648: ff66 90e8 

  0x0000019810b3764c: ; ImmutableOopMap {rbp=NarrowOop [40]=NarrowOop [48]=Oop }
                      ;*invokeinterface await {reexecute=0 rethrow=0 return_oop=0}
                      ; - java.awt.EventQueue::getNextEvent@52 (line 552)
                      ; - java.awt.EventDispatchThread::pumpOneEventForFilters@20 (line 190)
  0x0000019810b3764c: 1085 46ff 

  0x0000019810b37650: ;   {post_call_nop}
  0x0000019810b37650: 0f1f 8400 | c81e 003d | bade ffff 

  0x0000019810b3765c: ;   {runtime_call UncommonTrapBlob}
  0x0000019810b3765c: ff66 90e8 

  0x0000019810b37660: ; ImmutableOopMap {rbp=NarrowOop [40]=NarrowOop [48]=Oop }
                      ;*invokeinterface unlock {reexecute=0 rethrow=0 return_oop=0}
                      ; - java.awt.EventQueue::getNextEvent@61 (line 554)
                      ; - java.awt.EventDispatchThread::pumpOneEventForFilters@20 (line 190)
  0x0000019810b37660: fc84 46ff 

  0x0000019810b37664: ;   {post_call_nop}
  0x0000019810b37664: 0f1f 8400 | dc1e 003e | bade ffff 

  0x0000019810b37670: ;   {runtime_call UncommonTrapBlob}
  0x0000019810b37670: ff66 90e8 

  0x0000019810b37674: ; ImmutableOopMap {rbp=NarrowOop [40]=NarrowOop [48]=Oop }
                      ;*invokeinterface lock {reexecute=0 rethrow=0 return_oop=0}
                      ; - java.awt.EventQueue::getNextEvent@11 (line 545)
                      ; - java.awt.EventDispatchThread::pumpOneEventForFilters@20 (line 190)
  0x0000019810b37674: e884 46ff 

  0x0000019810b37678: ;   {post_call_nop}
  0x0000019810b37678: 0f1f 8400 | f01e 003f | ba45 ffff | ff4c 8b5c | 2430 4c89 | 5c24 2044 | 8954 2430 

  0x0000019810b37694: ;   {runtime_call UncommonTrapBlob}
  0x0000019810b37694: 6666 90e8 

  0x0000019810b37698: ; ImmutableOopMap {rbp=NarrowOop [32]=Oop [40]=NarrowOop [48]=NarrowOop [56]=Oop }
                      ;*if_acmpeq {reexecute=1 rethrow=0 return_oop=0}
                      ; - (reexecute) java.util.concurrent.locks.ReentrantLock$Sync::tryRelease@14 (line 175)
                      ; - java.util.concurrent.locks.AbstractQueuedSynchronizer::release@2 (line 1099)
                      ; - java.util.concurrent.locks.ReentrantLock::unlock@5 (line 495)
                      ; - java.awt.EventQueue::getNextEvent@61 (line 554)
                      ; - java.awt.EventDispatchThread::pumpOneEventForFilters@20 (line 190)
  0x0000019810b37698: c484 46ff 

  0x0000019810b3769c: ;   {post_call_nop}
  0x0000019810b3769c: 0f1f 8400 | 141f 0040 | ba45 ffff | ff48 8b6c | 2430 4489 | 4c24 2044 | 8b54 2448 | 4489 5424 
  0x0000019810b376bc: ;   {runtime_call UncommonTrapBlob}
  0x0000019810b376bc: 2866 90e8 

  0x0000019810b376c0: ; ImmutableOopMap {rbp=Oop [32]=NarrowOop [40]=NarrowOop [72]=NarrowOop }
                      ;*ifeq {reexecute=1 rethrow=0 return_oop=0}
                      ; - (reexecute) java.awt.EventQueue::setCurrentEventAndMostRecentTimeImpl@93 (line 1224)
                      ; - java.awt.EventQueue::dispatchEventImpl@14 (line 722)
                      ; - java.awt.EventQueue::dispatchEvent@22 (line 702)
                      ; - java.awt.EventDispatchThread::pumpOneEventForFilters@81 (line 203)
  0x0000019810b376c0: 9c84 46ff 

  0x0000019810b376c4: ;   {post_call_nop}
  0x0000019810b376c4: 0f1f 8400 | 3c1f 0041 | ba45 ffff | ff48 8b6c | 2430 4489 | 4c24 2044 | 8b54 2448 | 4489 5424 
  0x0000019810b376e4: ;   {runtime_call UncommonTrapBlob}
  0x0000019810b376e4: 2866 90e8 

  0x0000019810b376e8: ; ImmutableOopMap {rbp=Oop [32]=NarrowOop [40]=NarrowOop [72]=NarrowOop }
                      ;*ifeq {reexecute=1 rethrow=0 return_oop=0}
                      ; - (reexecute) java.awt.EventQueue::setCurrentEventAndMostRecentTimeImpl@115 (line 1227)
                      ; - java.awt.EventQueue::dispatchEventImpl@14 (line 722)
                      ; - java.awt.EventQueue::dispatchEvent@22 (line 702)
                      ; - java.awt.EventDispatchThread::pumpOneEventForFilters@81 (line 203)
  0x0000019810b376e8: 7484 46ff 

  0x0000019810b376ec: ;   {post_call_nop}
  0x0000019810b376ec: 0f1f 8400 | 641f 0042 | bae4 ffff | ff4c 8b54 | 2430 4c89 | 5424 2044 | 895c 2430 | 894c 2434 
  0x0000019810b3770c: ;   {runtime_call UncommonTrapBlob}
  0x0000019810b3770c: 6666 90e8 

  0x0000019810b37710: ; ImmutableOopMap {rbp=NarrowOop [32]=Oop [40]=NarrowOop [48]=NarrowOop }
                      ;*aastore {reexecute=1 rethrow=0 return_oop=0}
                      ; - (reexecute) java.awt.EventQueue::uncacheEQItem@51 (line 486)
                      ; - java.awt.EventQueue::getNextEventPrivate@60 (line 570)
                      ; - java.awt.EventQueue::getNextEvent@17 (line 547)
                      ; - java.awt.EventDispatchThread::pumpOneEventForFilters@20 (line 190)
  0x0000019810b37710: 4c84 46ff 

  0x0000019810b37714: ;   {post_call_nop}
  0x0000019810b37714: 0f1f 8400 | 8c1f 0043 | ba45 ffff | ff4c 8b54 | 2430 4c89 | 5424 2044 | 894c 2434 

  0x0000019810b37730: ;   {runtime_call UncommonTrapBlob}
  0x0000019810b37730: 6666 90e8 

  0x0000019810b37734: ; ImmutableOopMap {[32]=Oop [40]=NarrowOop [52]=NarrowOop [72]=NarrowOop }
                      ;*ifeq {reexecute=1 rethrow=0 return_oop=0}
                      ; - (reexecute) jdk.internal.misc.Unsafe::getAndBitwiseAndInt@21 (line 3249)
                      ; - java.util.concurrent.locks.AbstractQueuedSynchronizer$Node::getAndUnsetStatus@10 (line 482)
                      ; - java.util.concurrent.locks.AbstractQueuedSynchronizer::signalNext@22 (line 645)
                      ; - java.util.concurrent.locks.AbstractQueuedSynchronizer::release@12 (line 1100)
                      ; - java.util.concurrent.locks.ReentrantLock::unlock@5 (line 495)
                      ; - java.awt.EventQueue::getNextEvent@31 (line 554)
                      ; - java.awt.EventDispatchThread::pumpOneEventForFilters@20 (line 190)
  0x0000019810b37734: 2884 46ff 

  0x0000019810b37738: ;   {post_call_nop}
  0x0000019810b37738: 0f1f 8400 | b01f 0044 | ba45 ffff | ff4c 8b5c | 2430 4c89 | 5c24 2044 | 8954 2430 

  0x0000019810b37754: ;   {runtime_call UncommonTrapBlob}
  0x0000019810b37754: 6666 90e8 

  0x0000019810b37758: ; ImmutableOopMap {[32]=Oop [40]=NarrowOop [48]=NarrowOop }
                      ;*ifge {reexecute=1 rethrow=0 return_oop=0}
                      ; - (reexecute) java.util.concurrent.locks.ReentrantLock$NonfairSync::initialTryLock@36 (line 231)
                      ; - java.util.concurrent.locks.ReentrantLock$Sync::lock@1 (line 153)
                      ; - java.util.concurrent.locks.ReentrantLock::lock@4 (line 323)
                      ; - java.awt.EventQueue::getNextEvent@11 (line 545)
                      ; - java.awt.EventDispatchThread::pumpOneEventForFilters@20 (line 190)
  0x0000019810b37758: 0484 46ff 

  0x0000019810b3775c: ;   {post_call_nop}
  0x0000019810b3775c: 0f1f 8400 | d41f 0045 | ba45 ffff | ff4c 8b54 | 2430 4c89 | 5424 2044 | 894c 2430 

  0x0000019810b37778: ;   {runtime_call UncommonTrapBlob}
  0x0000019810b37778: 6666 90e8 

  0x0000019810b3777c: ; ImmutableOopMap {[32]=Oop [48]=NarrowOop [72]=NarrowOop }
                      ;*ifeq {reexecute=1 rethrow=0 return_oop=0}
                      ; - (reexecute) jdk.internal.misc.Unsafe::getAndBitwiseAndInt@21 (line 3249)
                      ; - java.util.concurrent.locks.AbstractQueuedSynchronizer$Node::getAndUnsetStatus@10 (line 482)
                      ; - java.util.concurrent.locks.AbstractQueuedSynchronizer::signalNext@22 (line 645)
                      ; - java.util.concurrent.locks.AbstractQueuedSynchronizer::release@12 (line 1100)
                      ; - java.util.concurrent.locks.ReentrantLock::unlock@5 (line 495)
                      ; - java.awt.EventQueue::setCurrentEventAndMostRecentTimeImpl@168 (line 1236)
                      ; - java.awt.EventQueue::dispatchEventImpl@14 (line 722)
                      ; - java.awt.EventQueue::dispatchEvent@22 (line 702)
                      ; - java.awt.EventDispatchThread::pumpOneEventForFilters@81 (line 203)
  0x0000019810b3777c: e083 46ff 

  0x0000019810b37780: ;   {post_call_nop}
  0x0000019810b37780: 0f1f 8400 | f81f 0046 | ba45 ffff | ff4c 8b5c | 2430 4c89 | 5c24 2044 | 8b44 2448 | 4489 4424 
  0x0000019810b377a0: 3044 8954 

  0x0000019810b377a4: ;   {runtime_call UncommonTrapBlob}
  0x0000019810b377a4: 2434 90e8 

  0x0000019810b377a8: ; ImmutableOopMap {[32]=Oop [40]=NarrowOop [48]=NarrowOop [52]=NarrowOop [72]=NarrowOop }
                      ;*ifge {reexecute=1 rethrow=0 return_oop=0}
                      ; - (reexecute) java.util.concurrent.locks.ReentrantLock$NonfairSync::initialTryLock@36 (line 231)
                      ; - java.util.concurrent.locks.ReentrantLock$Sync::lock@1 (line 153)
                      ; - java.util.concurrent.locks.ReentrantLock::lock@4 (line 323)
                      ; - java.awt.EventQueue::setCurrentEventAndMostRecentTimeImpl@4 (line 1201)
                      ; - java.awt.EventQueue::dispatchEventImpl@14 (line 722)
                      ; - java.awt.EventQueue::dispatchEvent@22 (line 702)
                      ; - java.awt.EventDispatchThread::pumpOneEventForFilters@81 (line 203)
  0x0000019810b377a8: b483 46ff 

  0x0000019810b377ac: ;   {post_call_nop}
  0x0000019810b377ac: 0f1f 8400 | 2420 0047 | ba45 ffff 

  0x0000019810b377b8: ;   {runtime_call UncommonTrapBlob}
  0x0000019810b377b8: ff66 90e8 

  0x0000019810b377bc: ; ImmutableOopMap {rbp=NarrowOop [40]=NarrowOop [48]=Oop [72]=NarrowOop }
                      ;*ifeq {reexecute=1 rethrow=0 return_oop=0}
                      ; - (reexecute) java.awt.EventQueue::dispatchEventImpl@33 (line 724)
                      ; - java.awt.EventQueue::dispatchEvent@22 (line 702)
                      ; - java.awt.EventDispatchThread::pumpOneEventForFilters@81 (line 203)
  0x0000019810b377bc: a083 46ff 

  0x0000019810b377c0: ;   {post_call_nop}
  0x0000019810b377c0: 0f1f 8400 | 3820 0048 | bade ffff | ff44 895c 

  0x0000019810b377d0: ;   {runtime_call UncommonTrapBlob}
  0x0000019810b377d0: 2428 90e8 

  0x0000019810b377d4: ; ImmutableOopMap {rbp=Oop [40]=NarrowOop [48]=Oop }
                      ;*invokeinterface setCanAccessSystemClipboard {reexecute=0 rethrow=0 return_oop=0}
                      ; - java.awt.AWTEvent::dispatched@15 (line 572)
                      ; - java.awt.EventQueue::dispatchEventImpl@45 (line 726)
                      ; - java.awt.EventQueue::dispatchEvent@22 (line 702)
                      ; - java.awt.EventDispatchThread::pumpOneEventForFilters@81 (line 203)
  0x0000019810b377d4: 8883 46ff 

  0x0000019810b377d8: ;   {post_call_nop}
  0x0000019810b377d8: 0f1f 8400 | 5020 0049 | 33db e91a | e8ff ffba | 45ff ffff | 4c8b 5424 | 304c 8954 | 2420 4489 
  0x0000019810b377f8: ;   {runtime_call UncommonTrapBlob}
  0x0000019810b377f8: 4c24 34e8 

  0x0000019810b377fc: ; ImmutableOopMap {[32]=Oop [40]=NarrowOop [52]=NarrowOop }
                      ;*ifeq {reexecute=1 rethrow=0 return_oop=0}
                      ; - (reexecute) jdk.internal.misc.Unsafe::getAndBitwiseAndInt@21 (line 3249)
                      ; - java.util.concurrent.locks.AbstractQueuedSynchronizer$Node::getAndUnsetStatus@10 (line 482)
                      ; - java.util.concurrent.locks.AbstractQueuedSynchronizer::signalNext@22 (line 645)
                      ; - java.util.concurrent.locks.AbstractQueuedSynchronizer::release@12 (line 1100)
                      ; - java.util.concurrent.locks.ReentrantLock::unlock@5 (line 495)
                      ; - java.awt.EventQueue::getNextEvent@61 (line 554)
                      ; - java.awt.EventDispatchThread::pumpOneEventForFilters@20 (line 190)
  0x0000019810b377fc: 6083 46ff 

  0x0000019810b37800: ;   {post_call_nop}
  0x0000019810b37800: 0f1f 8400 | 7820 004a | ba45 ffff | ff4c 8b5c | 2430 4c89 | 5c24 2044 | 8954 2430 

  0x0000019810b3781c: ;   {runtime_call UncommonTrapBlob}
  0x0000019810b3781c: 6666 90e8 

  0x0000019810b37820: ; ImmutableOopMap {[32]=Oop [40]=NarrowOop [48]=NarrowOop }
                      ;*ifge {reexecute=1 rethrow=0 return_oop=0}
                      ; - (reexecute) java.util.concurrent.locks.ReentrantLock$NonfairSync::initialTryLock@36 (line 231)
                      ; - java.util.concurrent.locks.ReentrantLock$Sync::lock@1 (line 153)
                      ; - java.util.concurrent.locks.ReentrantLock::lock@4 (line 323)
                      ; - java.awt.EventQueue::getNextEvent@11 (line 545)
                      ; - java.awt.EventDispatchThread::pumpOneEventForFilters@20 (line 190)
  0x0000019810b37820: 3c83 46ff 

  0x0000019810b37824: ;   {post_call_nop}
  0x0000019810b37824: 0f1f 8400 | 9c20 004b | 488b 6c24 | 3044 8b5c | 2428 4489 | 5c24 204c | 894c 2430 | 448b 5c24 
  0x0000019810b37844: 4844 895c | 2438 448b | 5c24 4c44 | 895c 2448 | bac6 ffff 

  0x0000019810b37858: ;   {runtime_call UncommonTrapBlob}
  0x0000019810b37858: ff66 90e8 

  0x0000019810b3785c: ; ImmutableOopMap {rbp=Oop [32]=NarrowOop [48]=Oop [56]=NarrowOop [72]=NarrowOop [76]=NarrowOop }
                      ;*invokeinterface acceptEvent {reexecute=0 rethrow=0 return_oop=0}
                      ; - java.awt.EventDispatchThread::filterAndCheckEvent@42 (line 169)
                      ; - java.awt.EventDispatchThread::pumpOneEventForFilters@35 (line 192)
  0x0000019810b3785c: 0083 46ff 

  0x0000019810b37860: ;   {post_call_nop}
  0x0000019810b37860: 0f1f 8400 | d820 004c | bac6 ffff | ff48 8b6c | 2430 448b | 4424 2844 | 8944 2420 | 4489 5424 
  0x0000019810b37880: ;   {runtime_call UncommonTrapBlob}
  0x0000019810b37880: 2866 90e8 

  0x0000019810b37884: ; ImmutableOopMap {rbp=Oop [32]=NarrowOop [40]=NarrowOop [72]=NarrowOop }
                      ;*invokeinterface isLoggable {reexecute=0 rethrow=0 return_oop=0}
                      ; - sun.util.logging.PlatformLogger::isLoggable@17 (line 340)
                      ; - java.awt.EventDispatchThread::pumpOneEventForFilters@57 (line 199)
  0x0000019810b37884: d882 46ff 

  0x0000019810b37888: ;   {post_call_nop}
  0x0000019810b37888: 0f1f 8400 | 0021 004d | 498b d34c | 8d84 2480 | 0000 0048 | 8b6c 2430 

  0x0000019810b378a0: ;   {runtime_call C2 Runtime complete_monitor_locking}
  0x0000019810b378a0: 6666 90e8 

  0x0000019810b378a4: ; ImmutableOopMap {rbp=Oop [40]=NarrowOop [48]=Oop [56]=Oop [64]=Oop [72]=NarrowOop [80]=Oop [88]=Oop [96]=Oop }
                      ;*monitorenter {reexecute=0 rethrow=0 return_oop=0}
                      ; - jdk.internal.logger.LazyLoggers$LazyLoggerAccessor::platform@14 (line 195)
                      ; - jdk.internal.logger.LazyLoggers$LazyLoggerWrapper::platformProxy@4 (line 332)
                      ; - jdk.internal.logger.AbstractLoggerWrapper::isLoggable@1 (line 122)
                      ; - sun.util.logging.PlatformLogger::isLoggable@17 (line 340)
                      ; - java.awt.EventDispatchThread::pumpOneEventForFilters@57 (line 199)
  0x0000019810b378a4: b8b6 46ff 

  0x0000019810b378a8: ;   {post_call_nop}
  0x0000019810b378a8: 0f1f 8400 | 2021 004e | e9ba f3ff | ff49 8bcb | 488d 9424 | 8000 0000 

  0x0000019810b378c0: ;   {runtime_call}
  0x0000019810b378c0: 4d8b c749 | ba80 c3ac | 20fd 7f00 | 0041 ffd2 

  0x0000019810b378d0: ;   {post_call_nop}
  0x0000019810b378d0: 0f1f 8400 | 0000 0000 | e951 f4ff | ffba 45ff | ffff 4c8b | 5424 304c | 8954 2420 

  0x0000019810b378ec: ;   {runtime_call UncommonTrapBlob}
  0x0000019810b378ec: 6666 90e8 

  0x0000019810b378f0: ; ImmutableOopMap {rbp=NarrowOop [32]=Oop [40]=NarrowOop [72]=NarrowOop [88]=Oop }
                      ;*ifnonnull {reexecute=1 rethrow=0 return_oop=0}
                      ; - (reexecute) jdk.internal.logger.AbstractLoggerWrapper::isLoggable@6 (line 123)
                      ; - sun.util.logging.PlatformLogger::isLoggable@17 (line 340)
                      ; - java.awt.EventDispatchThread::pumpOneEventForFilters@57 (line 199)
  0x0000019810b378f0: 6c82 46ff 

  0x0000019810b378f4: ;   {post_call_nop}
  0x0000019810b378f4: 0f1f 8400 | 6c21 004f | bac6 ffff | ff48 8b6c | 2430 448b | 5424 2844 | 8954 2420 | 4c89 5c24 
  0x0000019810b37914: ;   {runtime_call UncommonTrapBlob}
  0x0000019810b37914: 2866 90e8 

  0x0000019810b37918: ; ImmutableOopMap {rbp=Oop [32]=NarrowOop [40]=Oop [72]=NarrowOop }
                      ;*invokeinterface isLoggable {reexecute=0 rethrow=0 return_oop=0}
                      ; - jdk.internal.logger.AbstractLoggerWrapper::isLoggable@20 (line 124)
                      ; - sun.util.logging.PlatformLogger::isLoggable@17 (line 340)
                      ; - java.awt.EventDispatchThread::pumpOneEventForFilters@57 (line 199)
  0x0000019810b37918: 4482 46ff 

  0x0000019810b3791c: ;   {post_call_nop}
  0x0000019810b3791c: 0f1f 8400 | 9421 0050 | 498b cb48 | 8d94 2480 | 0000 004d 

  0x0000019810b37930: ;   {runtime_call}
  0x0000019810b37930: 8bc7 49ba | 80c3 ac20 | fd7f 0000 

  0x0000019810b3793c: ;   {post_call_nop}
  0x0000019810b3793c: 41ff d20f | 1f84 0000 | 0000 00e9 | 78f5 ffff | baec ffff | ff4c 8b54 | 2430 4c89 | 5424 204c 
  0x0000019810b3795c: 8b54 2460 | 4c89 5424 

  0x0000019810b37964: ;   {runtime_call UncommonTrapBlob}
  0x0000019810b37964: 4066 90e8 

  0x0000019810b37968: ; ImmutableOopMap {rbp=NarrowOop [32]=Oop [40]=NarrowOop [64]=Oop [72]=NarrowOop [88]=Oop [96]=Oop }
                      ;*invokestatic getLogger {reexecute=0 rethrow=0 return_oop=0}
                      ; - jdk.internal.logger.LazyLoggers$LazyLoggerAccessor::platform@62 (line 206)
                      ; - jdk.internal.logger.LazyLoggers$LazyLoggerWrapper::platformProxy@4 (line 332)
                      ; - jdk.internal.logger.AbstractLoggerWrapper::isLoggable@1 (line 122)
                      ; - sun.util.logging.PlatformLogger::isLoggable@17 (line 340)
                      ; - java.awt.EventDispatchThread::pumpOneEventForFilters@57 (line 199)
  0x0000019810b37968: f481 46ff 

  0x0000019810b3796c: ;   {post_call_nop}
  0x0000019810b3796c: 0f1f 8400 | e421 0051 | 498b d34c | 8d84 2480 

  0x0000019810b3797c: ;   {runtime_call C2 Runtime complete_monitor_locking}
  0x0000019810b3797c: 0000 00e8 

  0x0000019810b37980: ; ImmutableOopMap {rbp=Oop [40]=NarrowOop [48]=Oop [56]=Oop [64]=Oop [72]=NarrowOop [80]=Oop [88]=Oop [96]=Oop }
                      ;*monitorenter {reexecute=0 rethrow=0 return_oop=0}
                      ; - jdk.internal.logger.LazyLoggers$LazyLoggerAccessor::platform@69 (line 207)
                      ; - jdk.internal.logger.LazyLoggers$LazyLoggerWrapper::platformProxy@4 (line 332)
                      ; - jdk.internal.logger.AbstractLoggerWrapper::isLoggable@1 (line 122)
                      ; - sun.util.logging.PlatformLogger::isLoggable@17 (line 340)
                      ; - java.awt.EventDispatchThread::pumpOneEventForFilters@57 (line 199)
  0x0000019810b37980: dcb5 46ff 

  0x0000019810b37984: ;   {post_call_nop}
  0x0000019810b37984: 0f1f 8400 | fc21 0052 | e9e0 f5ff | ff49 8bcb | 488d 9424 | 8000 0000 

  0x0000019810b3799c: ;   {runtime_call}
  0x0000019810b3799c: 4d8b c749 | ba80 c3ac | 20fd 7f00 | 0041 ffd2 

  0x0000019810b379ac: ;   {post_call_nop}
  0x0000019810b379ac: 0f1f 8400 | 0000 0000 | e988 f6ff | ffba deff | ffff 488b | 6c24 3044 | 8b5c 2428 | 4489 5c24 
  0x0000019810b379cc: 2044 8b54 | 2448 4489 

  0x0000019810b379d4: ;   {runtime_call UncommonTrapBlob}
  0x0000019810b379d4: 5424 28e8 

  0x0000019810b379d8: ; ImmutableOopMap {rbp=Oop [32]=NarrowOop [40]=NarrowOop [72]=NarrowOop }
                      ;*invokevirtual consume {reexecute=0 rethrow=0 return_oop=0}
                      ; - java.awt.EventDispatchThread::pumpOneEventForFilters@44 (line 194)
  0x0000019810b379d8: 8481 46ff 

  0x0000019810b379dc: ;   {post_call_nop}
  0x0000019810b379dc: 0f1f 8400 | 5422 0053 | bade ffff | ff48 8b6c | 2430 448b | 5424 2844 | 8954 2424 | 4889 4424 
  0x0000019810b379fc: ;   {runtime_call UncommonTrapBlob}
  0x0000019810b379fc: 2866 90e8 

  0x0000019810b37a00: ; ImmutableOopMap {rbp=Oop [36]=NarrowOop [40]=Oop }
                      ;*checkcast {reexecute=0 rethrow=0 return_oop=0}
                      ; - sun.awt.SunToolkit::flushPendingEvents@6 (line 501)
                      ; - java.awt.EventQueue::getNextEvent@4 (line 544)
                      ; - java.awt.EventDispatchThread::pumpOneEventForFilters@20 (line 190)
  0x0000019810b37a00: 5c81 46ff 

  0x0000019810b37a04: ;   {post_call_nop}
  0x0000019810b37a04: 0f1f 8400 | 7c22 0054 | bade ffff | ff48 8b6c | 2430 448b | 5c24 2844 | 895c 2424 | 4889 4424 
  0x0000019810b37a24: ;   {runtime_call UncommonTrapBlob}
  0x0000019810b37a24: 2866 90e8 

  0x0000019810b37a28: ; ImmutableOopMap {rbp=Oop [36]=NarrowOop [40]=Oop }
                      ;*checkcast {reexecute=0 rethrow=0 return_oop=0}
                      ; - sun.awt.SunToolkit::flushPendingEvents@6 (line 501)
                      ; - java.awt.EventQueue::getNextEvent@4 (line 544)
                      ; - java.awt.EventDispatchThread::pumpOneEventForFilters@20 (line 190)
  0x0000019810b37a28: 3481 46ff 

  0x0000019810b37a2c: ;   {post_call_nop}
  0x0000019810b37a2c: 0f1f 8400 | a422 0055 | bade ffff | ff48 8b6c | 2430 448b | 5424 2844 | 8954 2424 | 4489 5c24 
  0x0000019810b37a4c: ;   {runtime_call UncommonTrapBlob}
  0x0000019810b37a4c: 2c66 90e8 

  0x0000019810b37a50: ; ImmutableOopMap {rbp=Oop [36]=NarrowOop [44]=NarrowOop [72]=NarrowOop }
                      ;*instanceof {reexecute=0 rethrow=0 return_oop=0}
                      ; - java.awt.EventQueue::eventToCacheIndex@55 (line 508)
                      ; - java.awt.EventQueue::uncacheEQItem@4 (line 480)
                      ; - java.awt.EventQueue::getNextEventPrivate@60 (line 570)
                      ; - java.awt.EventQueue::getNextEvent@17 (line 547)
                      ; - java.awt.EventDispatchThread::pumpOneEventForFilters@20 (line 190)
  0x0000019810b37a50: 0c81 46ff 

  0x0000019810b37a54: ;   {post_call_nop}
  0x0000019810b37a54: 0f1f 8400 | cc22 0056 | ba95 ffff | ff48 8b6c | 2430 4c8b | 5c24 284c | 895c 2420 | 4889 4424 
  0x0000019810b37a74: ;   {runtime_call UncommonTrapBlob}
  0x0000019810b37a74: 2866 90e8 

  0x0000019810b37a78: ; ImmutableOopMap {rbp=Oop [32]=Oop [40]=Oop }
                      ;*astore_2 {reexecute=0 rethrow=0 return_oop=0}
                      ; - java.awt.event.InvocationEvent::dispatch@60 (line 326)
                      ; - java.awt.EventQueue::dispatchEventImpl@21 (line 723)
                      ; - java.awt.EventQueue::dispatchEvent@22 (line 702)
                      ; - java.awt.EventDispatchThread::pumpOneEventForFilters@81 (line 203)
  0x0000019810b37a78: e480 46ff 

  0x0000019810b37a7c: ;   {post_call_nop}
  0x0000019810b37a7c: 0f1f 8400 | f422 0057 | 488b e8eb | 0348 8be8 | ba95 ffff 

  0x0000019810b37a90: ;   {runtime_call UncommonTrapBlob}
  0x0000019810b37a90: ff66 90e8 

  0x0000019810b37a94: ; ImmutableOopMap {rbp=Oop [40]=NarrowOop [48]=Oop }
                      ;*astore_3 {reexecute=0 rethrow=0 return_oop=0}
                      ; - java.awt.EventQueue::getNextEvent@69 (line 554)
                      ; - java.awt.EventDispatchThread::pumpOneEventForFilters@20 (line 190)
  0x0000019810b37a94: c880 46ff 

  0x0000019810b37a98: ;   {post_call_nop}
  0x0000019810b37a98: 0f1f 8400 | 1023 0058 | baf6 ffff | ff48 8b6c 

  0x0000019810b37aa8: ;   {runtime_call UncommonTrapBlob}
  0x0000019810b37aa8: 2430 90e8 

  0x0000019810b37aac: ; ImmutableOopMap {rbp=Oop [40]=NarrowOop }
                      ;*getfield head {reexecute=1 rethrow=0 return_oop=0}
                      ; - (reexecute) java.awt.EventQueue::getNextEventPrivate@12 (line 564)
                      ; - java.awt.EventQueue::getNextEvent@17 (line 547)
                      ; - java.awt.EventDispatchThread::pumpOneEventForFilters@20 (line 190)
  0x0000019810b37aac: b080 46ff 

  0x0000019810b37ab0: ;   {post_call_nop}
  0x0000019810b37ab0: 0f1f 8400 | 2823 0059 | baf6 ffff | ff48 8b6c | 2430 448b | 5c24 2844 | 895c 2420 | 4489 5424 
  0x0000019810b37ad0: 3044 8b5c | 2448 4489 | 5c24 3844 | 8b5c 244c | 458b d344 | 8954 2440 

  0x0000019810b37ae8: ;   {runtime_call UncommonTrapBlob}
  0x0000019810b37ae8: 6666 90e8 

  0x0000019810b37aec: ; ImmutableOopMap {rbp=Oop [32]=NarrowOop [56]=NarrowOop [64]=NarrowOop [72]=NarrowOop [76]=NarrowOop }
                      ;*invokevirtual get {reexecute=0 rethrow=0 return_oop=0}
                      ; - java.awt.EventDispatchThread::filterAndCheckEvent@31 (line 168)
                      ; - java.awt.EventDispatchThread::pumpOneEventForFilters@35 (line 192)
  0x0000019810b37aec: 7080 46ff 

  0x0000019810b37af0: ;   {post_call_nop}
  0x0000019810b37af0: 0f1f 8400 | 6823 005a | baf6 ffff | ff48 8b6c | 2430 448b | 5c24 2844 | 895c 2420 | 4489 5424 
  0x0000019810b37b10: 2444 8b54 | 2448 4489 | 5424 3844 | 8b54 244c | 4489 5424 

  0x0000019810b37b24: ;   {runtime_call UncommonTrapBlob}
  0x0000019810b37b24: 4066 90e8 

  0x0000019810b37b28: ; ImmutableOopMap {rbp=Oop [32]=NarrowOop [56]=NarrowOop [64]=NarrowOop [72]=NarrowOop [76]=NarrowOop }
                      ;*aaload {reexecute=0 rethrow=0 return_oop=0}
                      ; - java.util.ArrayList::elementData@5 (line 412)
                      ; - java.util.ArrayList::get@11 (line 429)
                      ; - java.awt.EventDispatchThread::filterAndCheckEvent@31 (line 168)
                      ; - java.awt.EventDispatchThread::pumpOneEventForFilters@35 (line 192)
  0x0000019810b37b28: 3480 46ff 

  0x0000019810b37b2c: ;   {post_call_nop}
  0x0000019810b37b2c: 0f1f 8400 | a423 005b | baf4 ffff | ff48 8b6c | 2430 448b | 5424 2844 | 8954 2420 | 448b 5424 
  0x0000019810b37b4c: 4844 8954 | 2434 448b | 5424 4c44 | 8954 243c 

  0x0000019810b37b5c: ;   {runtime_call UncommonTrapBlob}
  0x0000019810b37b5c: 6666 90e8 

  0x0000019810b37b60: ; ImmutableOopMap {rbp=Oop [32]=NarrowOop [52]=NarrowOop [60]=NarrowOop [72]=NarrowOop [76]=NarrowOop }
                      ;*checkcast {reexecute=0 rethrow=0 return_oop=0}
                      ; - java.awt.EventDispatchThread::filterAndCheckEvent@34 (line 168)
                      ; - java.awt.EventDispatchThread::pumpOneEventForFilters@35 (line 192)
  0x0000019810b37b60: fc7f 46ff 

  0x0000019810b37b64: ;   {post_call_nop}
  0x0000019810b37b64: 0f1f 8400 | dc23 005c | baf6 ffff | ff49 8beb 

  0x0000019810b37b74: ;   {runtime_call UncommonTrapBlob}
  0x0000019810b37b74: 6666 90e8 

  0x0000019810b37b78: ; ImmutableOopMap {rbp=Oop }
                      ;*invokevirtual getNextEvent {reexecute=0 rethrow=0 return_oop=0}
                      ; - java.awt.EventDispatchThread::pumpOneEventForFilters@20 (line 190)
  0x0000019810b37b78: e47f 46ff 

  0x0000019810b37b7c: ;   {post_call_nop}
  0x0000019810b37b7c: 0f1f 8400 | f423 005d | baf4 ffff | ff48 8b6c | 2430 448b | 5c24 2845 | 8bd3 4489 

  0x0000019810b37b98: ;   {runtime_call UncommonTrapBlob}
  0x0000019810b37b98: 5424 24e8 

  0x0000019810b37b9c: ; ImmutableOopMap {rbp=Oop [36]=NarrowOop [40]=NarrowOop }
                      ;*checkcast {reexecute=0 rethrow=0 return_oop=0}
                      ; - sun.awt.SunToolkit::flushPendingEvents@6 (line 501)
                      ; - java.awt.EventQueue::getNextEvent@4 (line 544)
                      ; - java.awt.EventDispatchThread::pumpOneEventForFilters@20 (line 190)
  0x0000019810b37b9c: c07f 46ff 

  0x0000019810b37ba0: ;   {post_call_nop}
  0x0000019810b37ba0: 0f1f 8400 | 1824 005e | baf6 ffff | ff48 8b6c | 2430 448b | 5424 2844 | 8954 2424 

  0x0000019810b37bbc: ;   {runtime_call UncommonTrapBlob}
  0x0000019810b37bbc: 6666 90e8 

  0x0000019810b37bc0: ; ImmutableOopMap {rbp=Oop [36]=NarrowOop [40]=NarrowOop }
                      ;*invokeinterface lock {reexecute=0 rethrow=0 return_oop=0}
                      ; - java.awt.EventQueue::getNextEvent@11 (line 545)
                      ; - java.awt.EventDispatchThread::pumpOneEventForFilters@20 (line 190)
  0x0000019810b37bc0: 9c7f 46ff 

  0x0000019810b37bc4: ;   {post_call_nop}
  0x0000019810b37bc4: 0f1f 8400 | 3c24 005f | baf6 ffff | ff48 8b6c 

  0x0000019810b37bd4: ;   {runtime_call UncommonTrapBlob}
  0x0000019810b37bd4: 2430 90e8 

  0x0000019810b37bd8: ; ImmutableOopMap {rbp=Oop [40]=NarrowOop }
                      ;*invokevirtual getID {reexecute=0 rethrow=0 return_oop=0}
                      ; - java.awt.EventQueue::eventToCacheIndex@1 (line 498)
                      ; - java.awt.EventQueue::uncacheEQItem@4 (line 480)
                      ; - java.awt.EventQueue::getNextEventPrivate@60 (line 570)
                      ; - java.awt.EventQueue::getNextEvent@17 (line 547)
                      ; - java.awt.EventDispatchThread::pumpOneEventForFilters@20 (line 190)
  0x0000019810b37bd8: 847f 46ff 

  0x0000019810b37bdc: ;   {post_call_nop}
  0x0000019810b37bdc: 0f1f 8400 | 5424 0060 | baf6 ffff | ff48 8b6c 

  0x0000019810b37bec: ;   {runtime_call UncommonTrapBlob}
  0x0000019810b37bec: 2430 90e8 

  0x0000019810b37bf0: ; ImmutableOopMap {rbp=Oop [40]=NarrowOop [72]=NarrowOop }
                      ;*invokeinterface unlock {reexecute=0 rethrow=0 return_oop=0}
                      ; - java.awt.EventQueue::getNextEvent@31 (line 554)
                      ; - java.awt.EventDispatchThread::pumpOneEventForFilters@20 (line 190)
  0x0000019810b37bf0: 6c7f 46ff 

  0x0000019810b37bf4: ;   {post_call_nop}
  0x0000019810b37bf4: 0f1f 8400 | 6c24 0061 | baf6 ffff | ff48 8b6c 

  0x0000019810b37c04: ;   {runtime_call UncommonTrapBlob}
  0x0000019810b37c04: 2430 90e8 

  0x0000019810b37c08: ; ImmutableOopMap {rbp=Oop [40]=NarrowOop [72]=NarrowOop }
                      ;*invokevirtual release {reexecute=0 rethrow=0 return_oop=0}
                      ; - java.util.concurrent.locks.ReentrantLock::unlock@5 (line 495)
                      ; - java.awt.EventQueue::getNextEvent@31 (line 554)
                      ; - java.awt.EventDispatchThread::pumpOneEventForFilters@20 (line 190)
  0x0000019810b37c08: 547f 46ff 

  0x0000019810b37c0c: ;   {post_call_nop}
  0x0000019810b37c0c: 0f1f 8400 | 8424 0062 | baf6 ffff | ff48 8b6c | 2430 448b | 5c24 2844 | 895c 2420 | 448b 5424 
  0x0000019810b37c2c: 4844 8954 | 2430 448b | 5424 4c44 | 8954 2438 

  0x0000019810b37c3c: ;   {runtime_call UncommonTrapBlob}
  0x0000019810b37c3c: 6666 90e8 

  0x0000019810b37c40: ; ImmutableOopMap {rbp=Oop [32]=NarrowOop [48]=NarrowOop [56]=NarrowOop [72]=NarrowOop [76]=NarrowOop }
                      ;*invokevirtual size {reexecute=0 rethrow=0 return_oop=0}
                      ; - java.awt.EventDispatchThread::filterAndCheckEvent@13 (line 167)
                      ; - java.awt.EventDispatchThread::pumpOneEventForFilters@35 (line 192)
  0x0000019810b37c40: 1c7f 46ff 

  0x0000019810b37c44: ;   {post_call_nop}
  0x0000019810b37c44: 0f1f 8400 | bc24 0063 | baf6 ffff | ff48 8b6c 

  0x0000019810b37c54: ;   {runtime_call UncommonTrapBlob}
  0x0000019810b37c54: 2430 90e8 

  0x0000019810b37c58: ; ImmutableOopMap {rbp=Oop [40]=NarrowOop [72]=NarrowOop }
                      ;*invokeinterface isLoggable {reexecute=0 rethrow=0 return_oop=0}
                      ; - sun.util.logging.PlatformLogger::isLoggable@17 (line 340)
                      ; - java.awt.EventDispatchThread::pumpOneEventForFilters@57 (line 199)
  0x0000019810b37c58: 047f 46ff 

  0x0000019810b37c5c: ;   {post_call_nop}
  0x0000019810b37c5c: 0f1f 8400 | d424 0064 | baf6 ffff | ff48 8b6c 

  0x0000019810b37c6c: ;   {runtime_call UncommonTrapBlob}
  0x0000019810b37c6c: 2430 90e8 

  0x0000019810b37c70: ; ImmutableOopMap {rbp=Oop [40]=NarrowOop [72]=NarrowOop }
                      ;*invokeinterface platform {reexecute=0 rethrow=0 return_oop=0}
                      ; - jdk.internal.logger.LazyLoggers$LazyLoggerWrapper::platformProxy@4 (line 332)
                      ; - jdk.internal.logger.AbstractLoggerWrapper::isLoggable@1 (line 122)
                      ; - sun.util.logging.PlatformLogger::isLoggable@17 (line 340)
                      ; - java.awt.EventDispatchThread::pumpOneEventForFilters@57 (line 199)
  0x0000019810b37c70: ec7e 46ff 

  0x0000019810b37c74: ;   {post_call_nop}
  0x0000019810b37c74: 0f1f 8400 | ec24 0065 | baf6 ffff | ff48 8b6c | 2430 448b | 5c24 2844 | 895c 2420 | 4489 4c24 
  0x0000019810b37c94: ;   {runtime_call UncommonTrapBlob}
  0x0000019810b37c94: 2866 90e8 

  0x0000019810b37c98: ; ImmutableOopMap {rbp=Oop [32]=NarrowOop [40]=NarrowOop [72]=NarrowOop }
                      ;*invokevirtual isLoggable {reexecute=0 rethrow=0 return_oop=0}
                      ; - sun.util.logging.internal.LoggingProviderImpl$JULWrapper::isLoggable@8 (line 206)
                      ; - jdk.internal.logger.AbstractLoggerWrapper::isLoggable@20 (line 124)
                      ; - sun.util.logging.PlatformLogger::isLoggable@17 (line 340)
                      ; - java.awt.EventDispatchThread::pumpOneEventForFilters@57 (line 199)
  0x0000019810b37c98: c47e 46ff 

  0x0000019810b37c9c: ;   {post_call_nop}
  0x0000019810b37c9c: 0f1f 8400 | 1425 0066 | baf6 ffff | ff48 8b6c 

  0x0000019810b37cac: ;   {runtime_call UncommonTrapBlob}
  0x0000019810b37cac: 2430 90e8 

  0x0000019810b37cb0: ; ImmutableOopMap {rbp=Oop [40]=NarrowOop [72]=NarrowOop }
                      ;*getfield levelValue {reexecute=1 rethrow=0 return_oop=0}
                      ; - (reexecute) java.util.logging.Logger::isLoggable@4 (line 2012)
                      ; - sun.util.logging.internal.LoggingProviderImpl$JULWrapper::isLoggable@8 (line 206)
                      ; - jdk.internal.logger.AbstractLoggerWrapper::isLoggable@20 (line 124)
                      ; - sun.util.logging.PlatformLogger::isLoggable@17 (line 340)
                      ; - java.awt.EventDispatchThread::pumpOneEventForFilters@57 (line 199)
  0x0000019810b37cb0: ac7e 46ff 

  0x0000019810b37cb4: ;   {post_call_nop}
  0x0000019810b37cb4: 0f1f 8400 | 2c25 0067 | baf6 ffff | ff48 8b6c 

  0x0000019810b37cc4: ;   {runtime_call UncommonTrapBlob}
  0x0000019810b37cc4: 2430 90e8 

  0x0000019810b37cc8: ; ImmutableOopMap {rbp=Oop [40]=NarrowOop [72]=NarrowOop }
                      ;*invokevirtual intValue {reexecute=0 rethrow=0 return_oop=0}
                      ; - java.util.logging.Logger::isLoggable@9 (line 2013)
                      ; - sun.util.logging.internal.LoggingProviderImpl$JULWrapper::isLoggable@8 (line 206)
                      ; - jdk.internal.logger.AbstractLoggerWrapper::isLoggable@20 (line 124)
                      ; - sun.util.logging.PlatformLogger::isLoggable@17 (line 340)
                      ; - java.awt.EventDispatchThread::pumpOneEventForFilters@57 (line 199)
  0x0000019810b37cc8: 947e 46ff 

  0x0000019810b37ccc: ;   {post_call_nop}
  0x0000019810b37ccc: 0f1f 8400 | 4425 0068 | baf6 ffff | ff48 8b6c | 2430 4489 | 5c24 2044 | 8944 2428 

  0x0000019810b37ce8: ;   {runtime_call UncommonTrapBlob}
  0x0000019810b37ce8: 6666 90e8 

  0x0000019810b37cec: ; ImmutableOopMap {rbp=Oop [32]=NarrowOop [40]=NarrowOop [72]=NarrowOop }
                      ;*invokeinterface lock {reexecute=0 rethrow=0 return_oop=0}
                      ; - java.awt.EventQueue::setCurrentEventAndMostRecentTimeImpl@4 (line 1201)
                      ; - java.awt.EventQueue::dispatchEventImpl@14 (line 722)
                      ; - java.awt.EventQueue::dispatchEvent@22 (line 702)
                      ; - java.awt.EventDispatchThread::pumpOneEventForFilters@81 (line 203)
  0x0000019810b37cec: 707e 46ff 

  0x0000019810b37cf0: ;   {post_call_nop}
  0x0000019810b37cf0: 0f1f 8400 | 6825 0069 | baf6 ffff | ff48 8b6c 

  0x0000019810b37d00: ;   {runtime_call UncommonTrapBlob}
  0x0000019810b37d00: 2430 90e8 

  0x0000019810b37d04: ; ImmutableOopMap {rbp=Oop [72]=NarrowOop }
                      ;*invokeinterface unlock {reexecute=0 rethrow=0 return_oop=0}
                      ; - java.awt.EventQueue::setCurrentEventAndMostRecentTimeImpl@168 (line 1236)
                      ; - java.awt.EventQueue::dispatchEventImpl@14 (line 722)
                      ; - java.awt.EventQueue::dispatchEvent@22 (line 702)
                      ; - java.awt.EventDispatchThread::pumpOneEventForFilters@81 (line 203)
  0x0000019810b37d04: 587e 46ff 

  0x0000019810b37d08: ;   {post_call_nop}
  0x0000019810b37d08: 0f1f 8400 | 8025 006a | baf6 ffff | ff48 8b6c 

  0x0000019810b37d18: ;   {runtime_call UncommonTrapBlob}
  0x0000019810b37d18: 2430 90e8 

  0x0000019810b37d1c: ; ImmutableOopMap {rbp=Oop [72]=NarrowOop }
                      ;*invokevirtual release {reexecute=0 rethrow=0 return_oop=0}
                      ; - java.util.concurrent.locks.ReentrantLock::unlock@5 (line 495)
                      ; - java.awt.EventQueue::setCurrentEventAndMostRecentTimeImpl@168 (line 1236)
                      ; - java.awt.EventQueue::dispatchEventImpl@14 (line 722)
                      ; - java.awt.EventQueue::dispatchEvent@22 (line 702)
                      ; - java.awt.EventDispatchThread::pumpOneEventForFilters@81 (line 203)
  0x0000019810b37d1c: 407e 46ff 

  0x0000019810b37d20: ;   {post_call_nop}
  0x0000019810b37d20: 0f1f 8400 | 9825 006b | baf6 ffff | ff48 8b6c 

  0x0000019810b37d30: ;   {runtime_call UncommonTrapBlob}
  0x0000019810b37d30: 2430 90e8 

  0x0000019810b37d34: ; ImmutableOopMap {rbp=Oop [40]=NarrowOop }
                      ;*invokeinterface await {reexecute=0 rethrow=0 return_oop=0}
                      ; - java.awt.EventQueue::getNextEvent@52 (line 552)
                      ; - java.awt.EventDispatchThread::pumpOneEventForFilters@20 (line 190)
  0x0000019810b37d34: 287e 46ff 

  0x0000019810b37d38: ;   {post_call_nop}
  0x0000019810b37d38: 0f1f 8400 | b025 006c | baf6 ffff | ff48 8b6c 

  0x0000019810b37d48: ;   {runtime_call UncommonTrapBlob}
  0x0000019810b37d48: 2430 90e8 

  0x0000019810b37d4c: ; ImmutableOopMap {rbp=Oop [40]=NarrowOop }
                      ;*invokeinterface unlock {reexecute=0 rethrow=0 return_oop=0}
                      ; - java.awt.EventQueue::getNextEvent@61 (line 554)
                      ; - java.awt.EventDispatchThread::pumpOneEventForFilters@20 (line 190)
  0x0000019810b37d4c: 107e 46ff 

  0x0000019810b37d50: ;   {post_call_nop}
  0x0000019810b37d50: 0f1f 8400 | c825 006d | baf6 ffff | ff48 8b6c 

  0x0000019810b37d60: ;   {runtime_call UncommonTrapBlob}
  0x0000019810b37d60: 2430 90e8 

  0x0000019810b37d64: ; ImmutableOopMap {rbp=Oop [40]=NarrowOop }
                      ;*invokevirtual release {reexecute=0 rethrow=0 return_oop=0}
                      ; - java.util.concurrent.locks.ReentrantLock::unlock@5 (line 495)
                      ; - java.awt.EventQueue::getNextEvent@61 (line 554)
                      ; - java.awt.EventDispatchThread::pumpOneEventForFilters@20 (line 190)
  0x0000019810b37d64: f87d 46ff 

  0x0000019810b37d68: ;   {post_call_nop}
  0x0000019810b37d68: 0f1f 8400 | e025 006e | baf4 ffff | ff48 8b6c 

  0x0000019810b37d78: ;   {runtime_call UncommonTrapBlob}
  0x0000019810b37d78: 2430 90e8 

  0x0000019810b37d7c: ; ImmutableOopMap {rbp=Oop [40]=NarrowOop }
                      ;*checkcast {reexecute=0 rethrow=0 return_oop=0}
                      ; - sun.awt.SunToolkit::flushPendingEvents@6 (line 501)
                      ; - java.awt.EventQueue::getNextEvent@4 (line 544)
                      ; - java.awt.EventDispatchThread::pumpOneEventForFilters@20 (line 190)
  0x0000019810b37d7c: e07d 46ff 

  0x0000019810b37d80: ;   {post_call_nop}
  0x0000019810b37d80: 0f1f 8400 | f825 006f | baf6 ffff | ff48 8b6c 

  0x0000019810b37d90: ;   {runtime_call UncommonTrapBlob}
  0x0000019810b37d90: 2430 90e8 

  0x0000019810b37d94: ; ImmutableOopMap {rbp=Oop [40]=NarrowOop }
                      ;*invokeinterface lock {reexecute=0 rethrow=0 return_oop=0}
                      ; - java.awt.EventQueue::getNextEvent@11 (line 545)
                      ; - java.awt.EventDispatchThread::pumpOneEventForFilters@20 (line 190)
  0x0000019810b37d94: c87d 46ff 

  0x0000019810b37d98: ;   {post_call_nop}
  0x0000019810b37d98: 0f1f 8400 | 1026 0070 | baf4 ffff | ff48 8b6c | 2430 448b | 4424 2844 | 8944 2424 | 4489 5c24 
  0x0000019810b37db8: 2c89 4c24 

  0x0000019810b37dbc: ;   {runtime_call UncommonTrapBlob}
  0x0000019810b37dbc: 3066 90e8 

  0x0000019810b37dc0: ; ImmutableOopMap {rbp=Oop [36]=NarrowOop [44]=NarrowOop }
                      ;*instanceof {reexecute=0 rethrow=0 return_oop=0}
                      ; - java.awt.EventQueue::uncacheEQItem@20 (line 481)
                      ; - java.awt.EventQueue::getNextEventPrivate@60 (line 570)
                      ; - java.awt.EventQueue::getNextEvent@17 (line 547)
                      ; - java.awt.EventDispatchThread::pumpOneEventForFilters@20 (line 190)
  0x0000019810b37dc0: 9c7d 46ff 

  0x0000019810b37dc4: ;   {post_call_nop}
  0x0000019810b37dc4: 0f1f 8400 | 3c26 0071 | ba45 ffff | ff4c 8b54 | 2430 4c89 | 5424 2044 | 895c 2430 

  0x0000019810b37de0: ;   {runtime_call UncommonTrapBlob}
  0x0000019810b37de0: 6666 90e8 

  0x0000019810b37de4: ; ImmutableOopMap {rbp=NarrowOop [32]=Oop [40]=NarrowOop [48]=NarrowOop }
                      ;*ifnonnull {reexecute=1 rethrow=0 return_oop=0}
                      ; - (reexecute) java.awt.EventQueue::uncacheEQItem@41 (line 483)
                      ; - java.awt.EventQueue::getNextEventPrivate@60 (line 570)
                      ; - java.awt.EventQueue::getNextEvent@17 (line 547)
                      ; - java.awt.EventDispatchThread::pumpOneEventForFilters@20 (line 190)
  0x0000019810b37de4: 787d 46ff 

  0x0000019810b37de8: ;   {post_call_nop}
  0x0000019810b37de8: 0f1f 8400 | 6026 0072 | baf4 ffff | ff48 8b6c 

  0x0000019810b37df8: ;   {runtime_call UncommonTrapBlob}
  0x0000019810b37df8: 2430 90e8 

  0x0000019810b37dfc: ; ImmutableOopMap {rbp=Oop [40]=NarrowOop [72]=NarrowOop }
                      ;*instanceof {reexecute=0 rethrow=0 return_oop=0}
                      ; - java.awt.EventQueue::dispatchEventImpl@30 (line 724)
                      ; - java.awt.EventQueue::dispatchEvent@22 (line 702)
                      ; - java.awt.EventDispatchThread::pumpOneEventForFilters@81 (line 203)
  0x0000019810b37dfc: 607d 46ff 

  0x0000019810b37e00: ;   {post_call_nop}
  0x0000019810b37e00: 0f1f 8400 | 7826 0073 | ba45 ffff | ff44 895c 

  0x0000019810b37e10: ;   {runtime_call UncommonTrapBlob}
  0x0000019810b37e10: 2428 90e8 

  0x0000019810b37e14: ; ImmutableOopMap {rbp=Oop [40]=NarrowOop [72]=NarrowOop }
                      ;*ifnonnull {reexecute=1 rethrow=0 return_oop=0}
                      ; - (reexecute) sun.awt.AWTAccessor::getInputEventAccessor@5 (line 962)
                      ; - java.awt.AWTEvent::dispatched@7 (line 571)
                      ; - java.awt.EventQueue::dispatchEventImpl@45 (line 726)
                      ; - java.awt.EventQueue::dispatchEvent@22 (line 702)
                      ; - java.awt.EventDispatchThread::pumpOneEventForFilters@81 (line 203)
  0x0000019810b37e14: 487d 46ff 

  0x0000019810b37e18: ;   {post_call_nop}
  0x0000019810b37e18: 0f1f 8400 | 9026 0074 | baf6 ffff | ff48 8b6c | 2430 448b | 5c24 2844 | 895c 2420 | 4489 4424 
  0x0000019810b37e38: ;   {runtime_call UncommonTrapBlob}
  0x0000019810b37e38: 2866 90e8 

  0x0000019810b37e3c: ; ImmutableOopMap {rbp=Oop [32]=NarrowOop [40]=NarrowOop [72]=NarrowOop }
                      ;*invokevirtual isLoggable {reexecute=0 rethrow=0 return_oop=0}
                      ; - sun.util.logging.internal.LoggingProviderImpl$JULWrapper::isLoggable@8 (line 206)
                      ; - sun.util.logging.PlatformLogger::isLoggable@17 (line 340)
                      ; - java.awt.EventDispatchThread::pumpOneEventForFilters@57 (line 199)
  0x0000019810b37e3c: 207d 46ff 

  0x0000019810b37e40: ;   {post_call_nop}
  0x0000019810b37e40: 0f1f 8400 | b826 0075 | baf6 ffff | ff48 8b6c 

  0x0000019810b37e50: ;   {runtime_call UncommonTrapBlob}
  0x0000019810b37e50: 2430 90e8 

  0x0000019810b37e54: ; ImmutableOopMap {rbp=Oop [40]=NarrowOop [72]=NarrowOop }
                      ;*getfield levelValue {reexecute=1 rethrow=0 return_oop=0}
                      ; - (reexecute) java.util.logging.Logger::isLoggable@4 (line 2012)
                      ; - sun.util.logging.internal.LoggingProviderImpl$JULWrapper::isLoggable@8 (line 206)
                      ; - sun.util.logging.PlatformLogger::isLoggable@17 (line 340)
                      ; - java.awt.EventDispatchThread::pumpOneEventForFilters@57 (line 199)
  0x0000019810b37e54: 087d 46ff 

  0x0000019810b37e58: ;   {post_call_nop}
  0x0000019810b37e58: 0f1f 8400 | d026 0076 | baf6 ffff | ff48 8b6c 

  0x0000019810b37e68: ;   {runtime_call UncommonTrapBlob}
  0x0000019810b37e68: 2430 90e8 

  0x0000019810b37e6c: ; ImmutableOopMap {rbp=Oop [40]=NarrowOop [72]=NarrowOop }
                      ;*invokevirtual intValue {reexecute=0 rethrow=0 return_oop=0}
                      ; - java.util.logging.Logger::isLoggable@9 (line 2013)
                      ; - sun.util.logging.internal.LoggingProviderImpl$JULWrapper::isLoggable@8 (line 206)
                      ; - sun.util.logging.PlatformLogger::isLoggable@17 (line 340)
                      ; - java.awt.EventDispatchThread::pumpOneEventForFilters@57 (line 199)
  0x0000019810b37e6c: f07c 46ff 

  0x0000019810b37e70: ;   {post_call_nop}
  0x0000019810b37e70: 0f1f 8400 | e826 0077 | ba95 ffff | ff44 8b5c | 2428 4489 | 5c24 204c | 8b5c 2460 | 4889 4424 
  0x0000019810b37e90: 384d 8bd3 | 4c89 5424 

  0x0000019810b37e98: ;   {runtime_call UncommonTrapBlob}
  0x0000019810b37e98: 4066 90e8 

  0x0000019810b37e9c: ; ImmutableOopMap {rbp=Oop [32]=NarrowOop [56]=Oop [64]=Oop [72]=NarrowOop [88]=Oop [96]=Oop }
                      ;*astore_3 {reexecute=0 rethrow=0 return_oop=0}
                      ; - jdk.internal.logger.LazyLoggers$LazyLoggerAccessor::platform@52 (line 200)
                      ; - jdk.internal.logger.LazyLoggers$LazyLoggerWrapper::platformProxy@4 (line 332)
                      ; - jdk.internal.logger.AbstractLoggerWrapper::isLoggable@1 (line 122)
                      ; - sun.util.logging.PlatformLogger::isLoggable@17 (line 340)
                      ; - java.awt.EventDispatchThread::pumpOneEventForFilters@57 (line 199)
  0x0000019810b37e9c: c07c 46ff 

  0x0000019810b37ea0: ;   {post_call_nop}
  0x0000019810b37ea0: 0f1f 8400 | 1827 0078 | baf6 ffff 

  0x0000019810b37eac: ;   {runtime_call UncommonTrapBlob}
  0x0000019810b37eac: ff66 90e8 

  0x0000019810b37eb0: ; ImmutableOopMap {rbp=Oop [40]=NarrowOop [72]=NarrowOop }
                      ;*invokevirtual ordinal {reexecute=0 rethrow=0 return_oop=0}
                      ; - jdk.internal.logger.SimpleConsoleLogger::isLoggable@17 (line 130)
                      ; - jdk.internal.logger.AbstractLoggerWrapper::isLoggable@20 (line 124)
                      ; - sun.util.logging.PlatformLogger::isLoggable@17 (line 340)
                      ; - java.awt.EventDispatchThread::pumpOneEventForFilters@57 (line 199)
  0x0000019810b37eb0: ac7c 46ff 

  0x0000019810b37eb4: ;   {post_call_nop}
  0x0000019810b37eb4: 0f1f 8400 | 2c27 0079 | ba95 ffff | ff48 8b6c | 2430 448b | 4424 2844 | 8944 2420 | 4889 4424 
  0x0000019810b37ed4: ;   {runtime_call UncommonTrapBlob}
  0x0000019810b37ed4: 2866 90e8 

  0x0000019810b37ed8: ; ImmutableOopMap {rbp=Oop [32]=NarrowOop [40]=Oop [72]=NarrowOop }
                      ;*astore {reexecute=0 rethrow=0 return_oop=0}
                      ; - java.awt.EventQueue::setCurrentEventAndMostRecentTimeImpl@176 (line 1236)
                      ; - java.awt.EventQueue::dispatchEventImpl@14 (line 722)
                      ; - java.awt.EventQueue::dispatchEvent@22 (line 702)
                      ; - java.awt.EventDispatchThread::pumpOneEventForFilters@81 (line 203)
  0x0000019810b37ed8: 847c 46ff 

  0x0000019810b37edc: ;   {post_call_nop}
  0x0000019810b37edc: 0f1f 8400 | 5427 007a | baf6 ffff | ff48 8b6c | 2430 448b | 5c24 2844 | 895c 2420 | 448b 5c24 
  0x0000019810b37efc: 4844 895c | 2434 448b | 5c24 4c45 | 8bd3 4489 

  0x0000019810b37f0c: ;   {runtime_call UncommonTrapBlob}
  0x0000019810b37f0c: 5424 3ce8 

  0x0000019810b37f10: ; ImmutableOopMap {rbp=Oop [32]=NarrowOop [52]=NarrowOop [60]=NarrowOop [72]=NarrowOop [76]=NarrowOop }
                      ;*invokevirtual isVisible {reexecute=0 rethrow=0 return_oop=0}
                      ; - java.awt.ModalEventFilter::acceptEvent@11 (line 46)
                      ; - java.awt.EventDispatchThread::filterAndCheckEvent@42 (line 169)
                      ; - java.awt.EventDispatchThread::pumpOneEventForFilters@35 (line 192)
  0x0000019810b37f10: 4c7c 46ff 

  0x0000019810b37f14: ;   {post_call_nop}
  0x0000019810b37f14: 0f1f 8400 | 8c27 007b | 488b 6c24 | 3044 8b5c | 2428 4489 | 5c24 204c | 894c 2430 | 448b 5c24 
  0x0000019810b37f34: 4844 895c | 243c 448b | 5c24 4c45 | 8bd3 4489 | 5424 44ba | f4ff ffff 

  0x0000019810b37f4c: ;   {runtime_call UncommonTrapBlob}
  0x0000019810b37f4c: 6666 90e8 

  0x0000019810b37f50: ; ImmutableOopMap {rbp=Oop [32]=NarrowOop [48]=Oop [60]=NarrowOop [68]=NarrowOop [72]=NarrowOop [76]=NarrowOop }
                      ;*instanceof {reexecute=0 rethrow=0 return_oop=0}
                      ; - java.awt.ModalEventFilter::acceptEvent@67 (line 57)
                      ; - java.awt.EventDispatchThread::filterAndCheckEvent@42 (line 169)
                      ; - java.awt.EventDispatchThread::pumpOneEventForFilters@35 (line 192)
  0x0000019810b37f50: 0c7c 46ff 

  0x0000019810b37f54: ;   {post_call_nop}
  0x0000019810b37f54: 0f1f 8400 | cc27 007c | 488b e8eb | 0348 8be8 | ba95 ffff | ff4c 8b54 | 2430 4c89 | 5424 204c 
  0x0000019810b37f74: 8b54 2460 | 4c89 5424 

  0x0000019810b37f7c: ;   {runtime_call UncommonTrapBlob}
  0x0000019810b37f7c: 4066 90e8 

  0x0000019810b37f80: ; ImmutableOopMap {rbp=Oop [32]=Oop [40]=NarrowOop [64]=Oop [72]=NarrowOop [88]=Oop [96]=Oop }
                      ;*astore {reexecute=0 rethrow=0 return_oop=0}
                      ; - jdk.internal.logger.LazyLoggers$LazyLoggerAccessor::platform@100 (line 212)
                      ; - jdk.internal.logger.LazyLoggers$LazyLoggerWrapper::platformProxy@4 (line 332)
                      ; - jdk.internal.logger.AbstractLoggerWrapper::isLoggable@1 (line 122)
                      ; - sun.util.logging.PlatformLogger::isLoggable@17 (line 340)
                      ; - java.awt.EventDispatchThread::pumpOneEventForFilters@57 (line 199)
  0x0000019810b37f80: dc7b 46ff 

  0x0000019810b37f84: ;   {post_call_nop}
  0x0000019810b37f84: 0f1f 8400 | fc27 007d | 488b e8e9 | 1b01 0000 | 488b e8e9 | 1301 0000 | 448b 5008 | 41bb 0000 
  0x0000019810b37fa4: 001c 4d03 | daeb 0d44 | 8b50 0841 | bb00 0000 | 1c4d 03da 

  0x0000019810b37fb8: ;   {metadata('java/lang/InterruptedException')}
  0x0000019810b37fb8: 49ba 8077 | 0b1d 0000 | 0000 4d3b | da75 c548 | 8be8 e9c9 | 0000 0044 | 8b58 0841 | ba00 0000 
  0x0000019810b37fd8: 1c4d 03d3 | e9a5 0000 | 0044 8b40 | 0841 ba00 | 0000 1c4d | 03d0 eb5e | eb22 448b | 4008 41ba 
  0x0000019810b37ff8: 0000 001c | 4d03 d0eb | 4d44 8b40 | 0841 ba00 | 0000 1c4d | 03d0 eb76 | eb20 eb0f | 448b 5808 
  0x0000019810b38018: 41ba 0000 | 001c 4d03 | d3eb 6344 | 8b58 0841 | ba00 0000 | 1c4d 03d3 | eb54 448b | 5808 41ba 
  0x0000019810b38038: 0000 001c | 4d03 d3eb | 0d44 8b58 | 0841 ba00 | 0000 1c4d 

  0x0000019810b3804c: ;   {metadata('java/lang/InterruptedException')}
  0x0000019810b3804c: 03d3 49bb | 8077 0b1d | 0000 0000 | 4d3b d30f | 8533 ffff | ff48 8be8 | eb32 eb00 | 448b 4008 
  0x0000019810b3806c: 41ba 0000 | 001c 4d03 | d0eb 0feb | 0044 8b58 | 0841 ba00 | 0000 1c4d 

  0x0000019810b38084: ;   {metadata('java/lang/InterruptedException')}
  0x0000019810b38084: 03d3 49bb | 8077 0b1d | 0000 0000 | 4d3b d375 | 1748 8be8 | ba95 ffff 

  0x0000019810b3809c: ;   {runtime_call UncommonTrapBlob}
  0x0000019810b3809c: ff66 90e8 

  0x0000019810b380a0: ; ImmutableOopMap {rbp=Oop [48]=Oop }
                      ;*astore {reexecute=0 rethrow=0 return_oop=0}
                      ; - java.awt.EventDispatchThread::pumpOneEventForFilters@87 (line 205)
  0x0000019810b380a0: bc7a 46ff 

  0x0000019810b380a4: ;   {post_call_nop}
  0x0000019810b380a4: 0f1f 8400 | 1c29 007e | 488b e8ba | 95ff ffff 

  0x0000019810b380b4: ;   {runtime_call UncommonTrapBlob}
  0x0000019810b380b4: 6666 90e8 

  0x0000019810b380b8: ; ImmutableOopMap {rbp=Oop [48]=Oop }
                      ;*astore {reexecute=0 rethrow=0 return_oop=0}
                      ; - java.awt.EventDispatchThread::pumpOneEventForFilters@97 (line 209)
  0x0000019810b380b8: a47a 46ff 

  0x0000019810b380bc: ;   {post_call_nop}
  0x0000019810b380bc: 0f1f 8400 | 3429 007f | 458b 0849 | c1e1 0349 | 83f9 000f | 84d9 d9ff | ff4d 8b5f | 384d 85db 
  0x0000019810b380dc: 0f84 1400 | 0000 4983 | eb08 4d89 | 5f38 4d03 | 5f40 4d89 | 0be9 b8d9 | ffff 4883 | ec30 4c89 
  0x0000019810b380fc: 4424 2848 | 894c 2420 | 498b c949 

  0x0000019810b38108: ;   {runtime_call}
  0x0000019810b38108: 8bd7 48b8 | d081 6620 | fd7f 0000 | ffd0 488b | 4c24 204c | 8b44 2428 | c5f8 7748 | 83c4 30e9 
  0x0000019810b38128: 82d9 ffff | f083 4424 | c000 4180 | 3b00 0f84 | aad9 ffff | 41c6 0300 | 4d8b 4f50 | 4d85 c90f 
  0x0000019810b38148: 8414 0000 | 0049 83e9 | 084d 894f | 504d 034f | 584d 8919 | e985 d9ff | ff48 83ec | 2049 8bcb 
  0x0000019810b38168: ;   {runtime_call}
  0x0000019810b38168: 498b d748 | b8b0 8166 | 20fd 7f00 | 00ff d0c5 | f877 4883 | c420 e963 | d9ff ff45 | 8b08 49c1 
  0x0000019810b38188: e103 4983 | f900 0f84 | 8fda ffff | 4d8b 5f38 | 4d85 db0f | 8414 0000 | 0049 83eb | 084d 895f 
  0x0000019810b381a8: 384d 035f | 404d 890b | e96e daff | ff48 83ec | 404c 8954 | 2438 4c89 | 4424 3048 | 894c 2428 
  0x0000019810b381c8: 498b c949 

  0x0000019810b381cc: ;   {runtime_call}
  0x0000019810b381cc: 8bd7 48b8 | d081 6620 | fd7f 0000 | ffd0 488b | 4c24 284c | 8b44 2430 | 4c8b 5424 | 38c5 f877 
  0x0000019810b381ec: 4883 c440 | e92e daff | ff45 8b0b | 49c1 e103 | 4983 f900 | 0f84 00db | ffff 4d8b | 4738 4d85 
  0x0000019810b3820c: c00f 8414 | 0000 0049 | 83e8 084d | 8947 384d | 0347 404d | 8908 e9df | daff ff48 | 83ec 304c 
  0x0000019810b3822c: 895c 2428 | 4889 4c24 | 2049 8bc9 

  0x0000019810b38238: ;   {runtime_call}
  0x0000019810b38238: 498b d748 | b8d0 8166 | 20fd 7f00 | 00ff d048 | 8b4c 2420 | 4c8b 5c24 | 28c5 f877 | 4883 c430 
  0x0000019810b38258: e9a9 daff | fff0 8344 | 24c0 0041 | 8038 000f | 84d1 daff | ff41 c600 | 004d 8b4f | 504d 85c9 
  0x0000019810b38278: 0f84 1400 | 0000 4983 | e908 4d89 | 4f50 4d03 | 4f58 4d89 | 01e9 acda | ffff 4883 | ec20 498b 
  0x0000019810b38298: c849 8bd7 

  0x0000019810b3829c: ;   {runtime_call}
  0x0000019810b3829c: 48b8 b081 | 6620 fd7f | 0000 ffd0 | c5f8 7748 | 83c4 20e9 | 8ada ffff | 458b 0149 | c1e0 0349 
  0x0000019810b382bc: 83f8 000f | 8439 dbff | ff49 8b4f | 3848 85c9 | 0f84 1400 | 0000 4883 | e908 4989 | 4f38 4903 
  0x0000019810b382dc: 4f40 4c89 | 01e9 18db | ffff 4883 | ec40 4c89 | 5424 384c | 895c 2430 | 4c89 4c24 | 2848 8954 
  0x0000019810b382fc: 2420 498b | c849 8bd7 

  0x0000019810b38304: ;   {runtime_call}
  0x0000019810b38304: 48b8 d081 | 6620 fd7f | 0000 ffd0 | 488b 5424 | 204c 8b4c | 2428 4c8b | 5c24 304c | 8b54 2438 
  0x0000019810b38324: c5f8 7748 | 83c4 40e9 | ceda ffff | 458b 0849 | c1e1 0349 | 83f9 000f | 84d9 daff | ff49 8b4f 
  0x0000019810b38344: 3848 85c9 | 0f84 1400 | 0000 4883 | e908 4989 | 4f38 4903 | 4f40 4c89 | 09e9 b8da | ffff 4883 
  0x0000019810b38364: ec30 4c89 | 5c24 284c | 8944 2420 | 498b c949 

  0x0000019810b38374: ;   {runtime_call}
  0x0000019810b38374: 8bd7 48b8 | d081 6620 | fd7f 0000 | ffd0 4c8b | 4424 204c | 8b5c 2428 | c5f8 7748 | 83c4 30e9 
  0x0000019810b38394: 82da ffff | f083 4424 | c000 8039 | 000f 84b4 | daff ffc6 | 0100 4d8b | 4f50 4d85 | c90f 8414 
  0x0000019810b383b4: 0000 0049 | 83e9 084d | 894f 504d | 034f 5849 | 8909 e990 | daff ff48 | 83ec 304c | 895c 2428 
  0x0000019810b383d4: ;   {runtime_call}
  0x0000019810b383d4: 498b d748 | b8b0 8166 | 20fd 7f00 | 00ff d04c | 8b5c 2428 | c5f8 7748 | 83c4 30e9 | 67da ffff 
  0x0000019810b383f4: 448b 1949 | c1e3 0349 | 83fb 000f | 8402 dbff | ff4d 8b47 | 384d 85c0 | 0f84 1400 | 0000 4983 
  0x0000019810b38414: e808 4d89 | 4738 4d03 | 4740 4d89 | 18e9 e1da | ffff 4883 | ec40 4c89 | 5424 384c | 894c 2430 
  0x0000019810b38434: 4889 4c24 | 2848 897c | 2420 498b | cb49 8bd7 

  0x0000019810b38444: ;   {runtime_call}
  0x0000019810b38444: 48b8 d081 | 6620 fd7f | 0000 ffd0 | 488b 7c24 | 2048 8b4c | 2428 4c8b | 4c24 304c | 8b54 2438 
  0x0000019810b38464: c5f8 7748 | 83c4 40e9 | 97da ffff | 458b 1849 | c1e3 0349 | 83fb 000f | 84b2 ddff | ff4d 8b4f 
  0x0000019810b38484: 384d 85c9 | 0f84 1400 | 0000 4983 | e908 4d89 | 4f38 4d03 | 4f40 4d89 | 19e9 91dd | ffff 4883 
  0x0000019810b384a4: ec30 4c89 | 4424 2848 | 894c 2420 | 498b cb49 

  0x0000019810b384b4: ;   {runtime_call}
  0x0000019810b384b4: 8bd7 48b8 | d081 6620 | fd7f 0000 | ffd0 488b | 4c24 204c | 8b44 2428 | c5f8 7748 | 83c4 30e9 
  0x0000019810b384d4: 5bdd ffff | f083 4424 | c000 4180 | 3900 0f84 | 83dd ffff | 41c6 0100 | 4d8b 5f50 | 4d85 db0f 
  0x0000019810b384f4: 8414 0000 | 0049 83eb | 084d 895f | 504d 035f | 584d 890b | e95e ddff | ff48 83ec | 2049 8bc9 
  0x0000019810b38514: ;   {runtime_call}
  0x0000019810b38514: 498b d748 | b8b0 8166 | 20fd 7f00 | 00ff d0c5 | f877 4883 | c420 e93c | ddff ff45 | 8b02 49c1 
  0x0000019810b38534: e003 4983 | f800 0f84 | d9dd ffff | 4d8b 5f38 | 4d85 db0f | 8414 0000 | 0049 83eb | 084d 895f 
  0x0000019810b38554: 384d 035f | 404d 8903 | e9b8 ddff | ff48 83ec | 404c 8954 | 2438 4c89 | 4c24 3048 | 8944 2428 
  0x0000019810b38574: 498b c849 

  0x0000019810b38578: ;   {runtime_call}
  0x0000019810b38578: 8bd7 48b8 | d081 6620 | fd7f 0000 | ffd0 488b | 4424 284c | 8b4c 2430 | 4c8b 5424 | 38c5 f877 
  0x0000019810b38598: 4883 c440 | e978 ddff | fff0 8344 | 24c0 0041 | 803b 000f | 84a0 ddff | ff41 c603 | 004d 8b47 
  0x0000019810b385b8: 504d 85c0 | 0f84 1400 | 0000 4983 | e808 4d89 | 4750 4d03 | 4758 4d89 | 18e9 7bdd | ffff 4883 
  0x0000019810b385d8: ec30 4c89 | 4c24 2849 | 8bcb 498b 

  0x0000019810b385e4: ;   {runtime_call}
  0x0000019810b385e4: d748 b8b0 | 8166 20fd | 7f00 00ff | d04c 8b4c | 2428 c5f8 | 7748 83c4 | 30e9 4fdd | ffff 458b 
  0x0000019810b38604: 0149 c1e0 | 0349 83f8 | 000f 84e3 | ddff ff4d | 8b57 384d | 85d2 0f84 | 1400 0000 | 4983 ea08 
  0x0000019810b38624: 4d89 5738 | 4d03 5740 | 4d89 02e9 | c2dd ffff | 4883 ec40 | 4c89 5c24 | 384c 894c | 2430 4889 
  0x0000019810b38644: 4c24 2849 | 8bc8 498b 

  0x0000019810b3864c: ;   {runtime_call}
  0x0000019810b3864c: d748 b8d0 | 8166 20fd | 7f00 00ff | d048 8b4c | 2428 4c8b | 4c24 304c | 8b5c 2438 | c5f8 7748 
  0x0000019810b3866c: 83c4 40e9 | 82dd ffff | 458b 0149 | c1e0 0349 | 83f8 000f | 84dd deff | ff4d 8b5f | 384d 85db 
  0x0000019810b3868c: 0f84 1400 | 0000 4983 | eb08 4d89 | 5f38 4d03 | 5f40 4d89 | 03e9 bcde | ffff 4883 | ec30 4c89 
  0x0000019810b386ac: 4c24 2849 | 8bc8 498b 

  0x0000019810b386b4: ;   {runtime_call}
  0x0000019810b386b4: d748 b8d0 | 8166 20fd | 7f00 00ff | d04c 8b4c | 2428 c5f8 | 7748 83c4 | 30e9 90de | ffff 458b 
  0x0000019810b386d4: 0349 c1e0 | 0349 83f8 | 000f 84f1 | e3ff ff4d | 8b57 384d | 85d2 0f84 | 1400 0000 | 4983 ea08 
  0x0000019810b386f4: 4d89 5738 | 4d03 5740 | 4d89 02e9 | d0e3 ffff | 4883 ec30 | 4c89 5c24 | 284c 894c | 2420 498b 
  0x0000019810b38714: c849 8bd7 

  0x0000019810b38718: ;   {runtime_call}
  0x0000019810b38718: 48b8 d081 | 6620 fd7f | 0000 ffd0 | 4c8b 4c24 | 204c 8b5c | 2428 c5f8 | 7748 83c4 | 30e9 9ae3 
  0x0000019810b38738: ffff 458b | 0249 c1e0 | 0349 83f8 | 000f 8441 | e9ff ff4d | 8b5f 384d | 85db 0f84 | 1400 0000 
  0x0000019810b38758: 4983 eb08 | 4d89 5f38 | 4d03 5f40 | 4d89 03e9 | 20e9 ffff | 4883 ec30 | 4c89 5424 | 2848 8944 
  0x0000019810b38778: 2420 498b | c849 8bd7 

  0x0000019810b38780: ;   {runtime_call}
  0x0000019810b38780: 48b8 d081 | 6620 fd7f | 0000 ffd0 | 488b 4424 | 204c 8b54 | 2428 c5f8 | 7748 83c4 | 30e9 eae8 
  0x0000019810b387a0: ffff f083 | 4424 c000 | 4180 3b00 | 0f84 1ce9 | ffff 41c6 | 0300 4d8b | 4750 4d85 | c00f 8414 
  0x0000019810b387c0: 0000 0049 | 83e8 084d | 8947 504d | 0347 584d | 8918 e9f7 | e8ff ff48 | 83ec 2049 | 8bcb 498b 
  0x0000019810b387e0: ;   {runtime_call}
  0x0000019810b387e0: d748 b8b0 | 8166 20fd | 7f00 00ff | d0c5 f877 | 4883 c420 | e9d5 e8ff | ff45 8b03 | 49c1 e003 
  0x0000019810b38800: 4983 f800 | 0f84 6ae9 | ffff 4d8b | 5738 4d85 | d20f 8414 | 0000 0049 | 83ea 084d | 8957 384d 
  0x0000019810b38820: 0357 404d | 8902 e949 | e9ff ff48 | 83ec 304c | 895c 2428 | 4889 4424 | 2049 8bc8 

  0x0000019810b3883c: ;   {runtime_call}
  0x0000019810b3883c: 498b d748 | b8d0 8166 | 20fd 7f00 | 00ff d048 | 8b44 2420 | 4c8b 5c24 | 28c5 f877 | 4883 c430 
  0x0000019810b3885c: e913 e9ff | fff0 8344 | 24c0 0041 | 803a 000f | 8445 e9ff | ff41 c602 | 004d 8b47 | 504d 85c0 
  0x0000019810b3887c: 0f84 1400 | 0000 4983 | e808 4d89 | 4750 4d03 | 4758 4d89 | 10e9 20e9 | ffff 4883 | ec20 498b 
  0x0000019810b3889c: ca49 8bd7 

  0x0000019810b388a0: ;   {runtime_call}
  0x0000019810b388a0: 48b8 b081 | 6620 fd7f | 0000 ffd0 | c5f8 7748 | 83c4 20e9 | fee8 ffff | 4183 87d8 | 0600 0008 
  0x0000019810b388c0: e976 e7ff | ff41 8387 | d806 0000 | 08e9 ece5 | ffff 4183 | 87d8 0600 | 0008 e949 

  0x0000019810b388dc: ;   {internal_word}
  0x0000019810b388dc: e4ff ff49 | baa0 64b3 | 1098 0100 | 004d 8997 | e004 0000 

  0x0000019810b388f0: ;   {runtime_call SafepointBlob}
  0x0000019810b388f0: e96b 8639 | ff41 8387 | d806 0000 | 08e9 96d7 | ffff 4183 | 87d8 0600 | 0008 e9cc 

  0x0000019810b3890c: ;   {runtime_call Stub::method_entry_barrier}
  0x0000019810b3890c: d0ff ffe8 | 2cb9 37ff | e995 cfff | fff4 f4f4 | f4f4 f4f4 
[Stub Code]
  0x0000019810b38920: ;   {static_stub}
  0x0000019810b38920: 48bb 0000 | 0000 0000 

  0x0000019810b38928: ;   {runtime_call nmethod}
  0x0000019810b38928: 0000 e9fb 

  0x0000019810b3892c: ;   {static_stub}
  0x0000019810b3892c: ffff ff48 | bb00 0000 | 0000 0000 

  0x0000019810b38938: ;   {runtime_call nmethod}
  0x0000019810b38938: 00e9 fbff 

  0x0000019810b3893c: ;   {static_stub}
  0x0000019810b3893c: ffff 48bb | 0000 0000 | 0000 0000 

  0x0000019810b38948: ;   {runtime_call nmethod}
  0x0000019810b38948: e9fb ffff 

  0x0000019810b3894c: ;   {static_stub}
  0x0000019810b3894c: ff48 bb00 | 0000 0000 

  0x0000019810b38954: ;   {runtime_call nmethod}
  0x0000019810b38954: 0000 00e9 | fbff ffff 

  0x0000019810b3895c: ;   {static_stub}
  0x0000019810b3895c: 48bb 0000 | 0000 0000 

  0x0000019810b38964: ;   {runtime_call nmethod}
  0x0000019810b38964: 0000 e9fb 

  0x0000019810b38968: ;   {static_stub}
  0x0000019810b38968: ffff ff48 | bb60 319d | 2198 0100 

  0x0000019810b38974: ;   {runtime_call I2C/C2I adapters}
  0x0000019810b38974: 00e9 bcd2 

  0x0000019810b38978: ;   {static_stub}
  0x0000019810b38978: 39ff 48bb | 0000 0000 | 0000 0000 

  0x0000019810b38984: ;   {runtime_call nmethod}
  0x0000019810b38984: e9fb ffff 

  0x0000019810b38988: ;   {static_stub}
  0x0000019810b38988: ff48 bb00 | 0000 0000 

  0x0000019810b38990: ;   {runtime_call nmethod}
  0x0000019810b38990: 0000 00e9 | fbff ffff 

  0x0000019810b38998: ;   {static_stub}
  0x0000019810b38998: 48bb 0000 | 0000 0000 

  0x0000019810b389a0: ;   {runtime_call nmethod}
  0x0000019810b389a0: 0000 e9fb 

  0x0000019810b389a4: ;   {static_stub}
  0x0000019810b389a4: ffff ff48 | bb00 0000 | 0000 0000 

  0x0000019810b389b0: ;   {runtime_call nmethod}
  0x0000019810b389b0: 00e9 fbff 

  0x0000019810b389b4: ;   {static_stub}
  0x0000019810b389b4: ffff 48bb | 0000 0000 | 0000 0000 

  0x0000019810b389c0: ;   {runtime_call nmethod}
  0x0000019810b389c0: e9fb ffff 

  0x0000019810b389c4: ;   {static_stub}
  0x0000019810b389c4: ff48 bb00 | 0000 0000 

  0x0000019810b389cc: ;   {runtime_call nmethod}
  0x0000019810b389cc: 0000 00e9 | fbff ffff 

  0x0000019810b389d4: ;   {static_stub}
  0x0000019810b389d4: 48bb 0000 | 0000 0000 

  0x0000019810b389dc: ;   {runtime_call nmethod}
  0x0000019810b389dc: 0000 e9fb 

  0x0000019810b389e0: ;   {static_stub}
  0x0000019810b389e0: ffff ff48 | bb00 0000 | 0000 0000 

  0x0000019810b389ec: ;   {runtime_call nmethod}
  0x0000019810b389ec: 00e9 fbff 

  0x0000019810b389f0: ;   {static_stub}
  0x0000019810b389f0: ffff 48bb | 0000 0000 | 0000 0000 

  0x0000019810b389fc: ;   {runtime_call nmethod}
  0x0000019810b389fc: e9fb ffff 

  0x0000019810b38a00: ;   {runtime_call ExceptionBlob}
  0x0000019810b38a00: ffe9 5a74 | 46ff e800 | 0000 0048 | 832c 2405 

  0x0000019810b38a10: ;   {runtime_call DeoptimizationBlob}
  0x0000019810b38a10: e94b 8839 | fff4 f4f4 
[/MachCode]


Compiled method (c2) 736022075 8733 %     4       java.awt.EventDispatchThread::pumpEventsForFilter @ 10 (47 bytes)
 total in heap  [0x0000019810b49f08,0x0000019810b4a888] = 2432
 main code      [0x0000019810b4a000,0x0000019810b4a7f8] = 2040
 stub code      [0x0000019810b4a7f8,0x0000019810b4a878] = 128
 oops           [0x0000019810b4a878,0x0000019810b4a888] = 16
 mutable data [0x00000198288a6cc0,0x00000198288a6e40] = 384
 relocation     [0x00000198288a6cc0,0x00000198288a6dd0] = 272
 metadata       [0x00000198288a6dd0,0x00000198288a6e40] = 112
 immutable data [0x000001982b7488e0,0x000001982b748eb0] = 1488
 dependencies   [0x000001982b7488e0,0x000001982b748908] = 40
 nul chk table  [0x000001982b748908,0x000001982b748938] = 48
 handler table  [0x000001982b748938,0x000001982b748a40] = 264
 scopes pcs     [0x000001982b748a40,0x000001982b748c80] = 576
 scopes data    [0x000001982b748c80,0x000001982b748eb0] = 560

[Constant Pool (empty)]

[MachCode]
[Verified Entry Point]
  # {method} {0x0000019820230140} 'pumpEventsForFilter' '(ILjava/awt/Conditional;Ljava/awt/EventFilter;)V' in 'java/awt/EventDispatchThread'
  0x0000019810b4a000: cc66 6666 | 0f1f 8400 | 0000 0000 | 6666 6690 | 8984 2400 | 80ff ff55 | 4883 ec60 | 4181 7f20 
  0x0000019810b4a020: 0900 0000 | 0f85 c207 | 0000 488b | 6a18 8b7a | 1048 8b1a | 488b 7208 

  0x0000019810b4a038: ;   {runtime_call}
  0x0000019810b4a038: 488b ca49 | ba00 a86e | 20fd 7f00 | 0041 ffd2 

  0x0000019810b4a048: ;   {post_call_nop}
  0x0000019810b4a048: 0f1f 8400 | 0000 0000 | 4885 ed0f | 84c6 0400 | 0044 8b5d 

  0x0000019810b4a05c: ;   {metadata('java/awt/EventDispatchThread')}
  0x0000019810b4a05c: 0841 81fb | 1055 0301 | 0f85 de04 | 0000 4c8b | c544 8b5e 

  0x0000019810b4a070: ;   {metadata('java/awt/EventDispatchThread$1')}
  0x0000019810b4a070: 0841 81fb | a85f 0301 

  0x0000019810b4a078: ;   {metadata('java/awt/WaitDispatchSupport$1')}
  0x0000019810b4a078: 745c 4181 | fbe0 ba35 | 010f 8531 | 0500 004c | 8bce e9ec | 0000 0090 | 4c89 4424 | 3848 895c 
  0x0000019810b4a098: 2428 897c | 2420 488b | ee48 8974 | 2430 498b | d044 8bc7 

  0x0000019810b4a0ac: ;   {optimized virtual_call}
  0x0000019810b4a0ac: 6666 90e8 

  0x0000019810b4a0b0: ; ImmutableOopMap {rbp=Oop [40]=Oop [48]=Oop [56]=Oop }
                      ;*invokevirtual pumpOneEventForFilters {reexecute=0 rethrow=0 return_oop=0}
                      ; - java.awt.EventDispatchThread::pumpEventsForFilter@35 (line 124)
  0x0000019810b4a0b0: dcb7 feff 

  0x0000019810b4a0b4: ;   {post_call_nop}
  0x0000019810b4a0b4: 0f1f 8400 | ac01 0000 

  0x0000019810b4a0bc: ; ImmutableOopMap {rbp=Oop [40]=Oop [48]=Oop [56]=Oop }
                      ;*goto {reexecute=1 rethrow=0 return_oop=0}
                      ; - (reexecute) java.awt.EventDispatchThread::pumpEventsForFilter@38 (line 124)
  0x0000019810b4a0bc: 4d8b 5730 

  0x0000019810b4a0c0: ;   {poll}
  0x0000019810b4a0c0: 4185 028b | 7c24 2048 | 8b5c 2428 | 488b 7424 | 304c 8b44 | 2438 450f | b658 7845 | 85db 742c 
  0x0000019810b4a0e0: 450f b650 | 3a45 85d2 | 74a6 ba45 | ffff ff49 | 8be8 4889 | 5c24 2044 | 8954 2428 

  0x0000019810b4a0fc: ;   {runtime_call UncommonTrapBlob}
  0x0000019810b4a0fc: 6666 90e8 

  0x0000019810b4a100: ; ImmutableOopMap {rbp=Oop [32]=Oop }
                      ;*ifne {reexecute=1 rethrow=0 return_oop=0}
                      ; - (reexecute) java.awt.EventDispatchThread::pumpEventsForFilter@21 (line 123)
  0x0000019810b4a100: 5c5a 45ff 

  0x0000019810b4a104: ;   {post_call_nop}
  0x0000019810b4a104: 0f1f 8400 | fc01 0002 | ba45 ffff | ff49 8be8 | 4889 5c24 | 2044 895c 

  0x0000019810b4a11c: ;   {runtime_call UncommonTrapBlob}
  0x0000019810b4a11c: 2428 90e8 

  0x0000019810b4a120: ; ImmutableOopMap {rbp=Oop [32]=Oop }
                      ;*ifeq {reexecute=1 rethrow=0 return_oop=0}
                      ; - (reexecute) java.awt.EventDispatchThread::pumpEventsForFilter@14 (line 123)
  0x0000019810b4a120: 3c5a 45ff 

  0x0000019810b4a124: ;   {post_call_nop}
  0x0000019810b4a124: 0f1f 8400 | 1c02 0003 | 4585 db0f | 856d 0100 | 00e9 7202 | 0000 660f | 1f44 0000 | 488b 6c24 
  0x0000019810b4a144: 2048 8b54 | 2438 448b 

  0x0000019810b4a14c: ;   {optimized virtual_call}
  0x0000019810b4a14c: 4424 28e8 

  0x0000019810b4a150: ; ImmutableOopMap {rbp=Oop [32]=Oop [48]=Oop [56]=Oop [64]=Oop }
                      ;*invokevirtual pumpOneEventForFilters {reexecute=0 rethrow=0 return_oop=0}
                      ; - java.awt.EventDispatchThread::pumpEventsForFilter@35 (line 124)
  0x0000019810b4a150: 8c4c 38ff 

  0x0000019810b4a154: ;   {post_call_nop}
  0x0000019810b4a154: 0f1f 8400 | 4c02 0004 

  0x0000019810b4a15c: ; ImmutableOopMap {rbp=Oop [32]=Oop [48]=Oop [56]=Oop [64]=Oop }
                      ;*goto {reexecute=1 rethrow=0 return_oop=0}
                      ; - (reexecute) java.awt.EventDispatchThread::pumpEventsForFilter@38 (line 124)
  0x0000019810b4a15c: 4d8b 5730 

  0x0000019810b4a160: ;   {poll}
  0x0000019810b4a160: 4185 028b | 7c24 2848 | 8b5c 2430 | 488b 7424 | 204c 8b44 | 2438 4c8b | 4c24 4045 | 0fb6 5878 
  0x0000019810b4a180: 4585 db74 | 8745 0fb6 | 503a 4585 | d20f 8557 | ffff ff49 | 8be9 4c89 | 4424 3848 | 8974 2420 
  0x0000019810b4a1a0: 4889 5c24 | 3089 7c24 

  0x0000019810b4a1a8: ;   {oop(a 'sun/util/logging/PlatformLogger'{0x00000007090e5d68})}
  0x0000019810b4a1a8: 2848 ba68 | 5d0e 0907 

  0x0000019810b4a1b0: ;   {oop(a 'sun/util/logging/PlatformLogger$Level'{0x0000000707952148})}
  0x0000019810b4a1b0: 0000 0049 | b848 2195 | 0707 0000 

  0x0000019810b4a1bc: ;   {optimized virtual_call}
  0x0000019810b4a1bc: 0066 90e8 

  0x0000019810b4a1c0: ; ImmutableOopMap {rbp=Oop [32]=Oop [48]=Oop [56]=Oop }
                      ;*invokevirtual isLoggable {reexecute=0 rethrow=0 return_oop=0}
                      ; - java.awt.WaitDispatchSupport$1::evaluate@6 (line 109)
                      ; - java.awt.EventDispatchThread::pumpEventsForFilter@25 (line 123)
  0x0000019810b4a1c0: 1c4c 38ff 

  0x0000019810b4a1c4: ;   {post_call_nop}
  0x0000019810b4a1c4: 0f1f 8400 | bc02 0006 | 4889 6c24 | 4044 8b5d | 0c85 c00f | 852f 0100 | 0045 85db | 0f84 8203 
  0x0000019810b4a1e4: 0000 473b | 64dc 1c44 | 8b5d 0c0f | 849b 0100 | 0047 8b54 | dc1c 498b | d248 c1e2 | 0348 b860 
  0x0000019810b4a204: 6bef 2598 

  0x0000019810b4a208: ;   {virtual_call}
  0x0000019810b4a208: 0100 00e8 

  0x0000019810b4a20c: ; ImmutableOopMap {rbp=Oop [32]=Oop [48]=Oop [56]=Oop [64]=Oop }
                      ;*invokeinterface evaluate {reexecute=0 rethrow=0 return_oop=0}
                      ; - java.awt.WaitDispatchSupport$1::evaluate@60 (line 114)
                      ; - java.awt.EventDispatchThread::pumpEventsForFilter@25 (line 123)
  0x0000019810b4a20c: d04e 38ff 

  0x0000019810b4a210: ;   {post_call_nop}
  0x0000019810b4a210: 0f1f 8400 | 0803 0007 | 448b 5d0c | 4585 db0f | 846b 0300 | 008b e847 | 8b5c dc28 | 4585 db0f 
  0x0000019810b4a230: 8447 0300 | 004b 8d14 

  0x0000019810b4a238: ;   {optimized virtual_call}
  0x0000019810b4a238: dc66 90e8 

  0x0000019810b4a23c: ; ImmutableOopMap {[32]=Oop [48]=Oop [56]=Oop [64]=Oop }
                      ;*invokevirtual get {reexecute=0 rethrow=0 return_oop=0}
                      ; - java.awt.WaitDispatchSupport$1::evaluate@77 (line 115)
                      ; - java.awt.EventDispatchThread::pumpEventsForFilter@25 (line 123)
  0x0000019810b4a23c: a04b 38ff 

  0x0000019810b4a240: ;   {post_call_nop}
  0x0000019810b4a240: 0f1f 8400 | 3803 0008 | 4c8b 4424 | 4045 8b58 | 0c85 c00f | 84d3 feff | ff85 ed0f | 8442 0100 
  0x0000019810b4a260: 0047 8b54 | dc30 4585 | d20f 8435 | 0300 004b | 8d14 d448 | 8b6c 2438 

  0x0000019810b4a278: ;   {optimized virtual_call}
  0x0000019810b4a278: 6666 90e8 

  0x0000019810b4a27c: ; ImmutableOopMap {rbp=Oop [32]=Oop [48]=Oop [56]=Oop [64]=Oop }
                      ;*invokevirtual get {reexecute=0 rethrow=0 return_oop=0}
                      ; - java.awt.WaitDispatchSupport$1::evaluate@94 (line 115)
                      ; - java.awt.EventDispatchThread::pumpEventsForFilter@25 (line 123)
  0x0000019810b4a27c: 604b 38ff 

  0x0000019810b4a280: ;   {post_call_nop}
  0x0000019810b4a280: 0f1f 8400 | 7803 0009 | 85c0 0f84 | b0fe ffff | 4c8b 4424 | 4045 8b58 | 0c45 85db | 0f84 0a01 
  0x0000019810b4a2a0: 0000 438b | 6cdc 2485 | ed0f 8511 

  0x0000019810b4a2ac: ;   {oop(a 'sun/util/logging/PlatformLogger'{0x0000000707601620})}
  0x0000019810b4a2ac: 0300 0048 | ba20 1660 | 0707 0000 

  0x0000019810b4a2b8: ;   {oop(a 'sun/util/logging/PlatformLogger$Level'{0x0000000707952148})}
  0x0000019810b4a2b8: 0049 b848 | 2195 0707 | 0000 0048 | 8b6c 2438 

  0x0000019810b4a2c8: ;   {optimized virtual_call}
  0x0000019810b4a2c8: 6666 90e8 

  0x0000019810b4a2cc: ; ImmutableOopMap {rbp=Oop [48]=Oop }
                      ;*invokevirtual isLoggable {reexecute=0 rethrow=0 return_oop=0}
                      ; - java.awt.EventDispatchThread::removeEventFilter@6 (line 156)
                      ; - java.awt.EventDispatchThread::pumpEventsForFilter@43 (line 126)
  0x0000019810b4a2cc: 104b 38ff 

  0x0000019810b4a2d0: ;   {post_call_nop}
  0x0000019810b4a2d0: 0f1f 8400 | c803 000a | 85c0 0f84 | e000 0000 | 488b 5424 

  0x0000019810b4a2e4: ;   {static_call}
  0x0000019810b4a2e4: 3066 90e8 

  0x0000019810b4a2e8: ; ImmutableOopMap {rbp=Oop [48]=Oop }
                      ;*invokestatic valueOf {reexecute=0 rethrow=0 return_oop=1}
                      ; - java.awt.EventDispatchThread::removeEventFilter@16 (line 157)
                      ; - java.awt.EventDispatchThread::pumpEventsForFilter@43 (line 126)
  0x0000019810b4a2e8: f450 38ff 

  0x0000019810b4a2ec: ;   {post_call_nop}
  0x0000019810b4a2ec: 0f1f 8400 | e403 000b | baa5 ffff | ff48 8944 

  0x0000019810b4a2fc: ;   {runtime_call UncommonTrapBlob}
  0x0000019810b4a2fc: 2428 90e8 

  0x0000019810b4a300: ; ImmutableOopMap {rbp=Oop [40]=Oop [48]=Oop }
                      ;*invokedynamic {reexecute=0 rethrow=0 return_oop=0}
                      ; - java.awt.EventDispatchThread::removeEventFilter@19 (line 157)
                      ; - java.awt.EventDispatchThread::pumpEventsForFilter@43 (line 126)
  0x0000019810b4a300: 5c58 45ff 

  0x0000019810b4a304: ;   {post_call_nop}
  0x0000019810b4a304: 0f1f 8400 | fc03 000c 

  0x0000019810b4a30c: ; implicit exception: dispatches to 0x0000019810b4a793
  0x0000019810b4a30c: 478b 54dc | 2845 85d2 | 0f84 ca02 | 0000 4b8d | 14d4 488b 

  0x0000019810b4a320: ;   {optimized virtual_call}
  0x0000019810b4a320: 6c24 38e8 

  0x0000019810b4a324: ; ImmutableOopMap {rbp=Oop [48]=Oop [64]=Oop }
                      ;*invokevirtual get {reexecute=0 rethrow=0 return_oop=0}
                      ; - java.awt.WaitDispatchSupport$1::evaluate@22 (line 110)
                      ; - java.awt.EventDispatchThread::pumpEventsForFilter@25 (line 123)
  0x0000019810b4a324: b84a 38ff 

  0x0000019810b4a328: ;   {post_call_nop}
  0x0000019810b4a328: 0f1f 8400 | 2004 000d | 8944 2424 | 4c8b 5424 | 4045 8b5a | 0c47 8b54 | dc2c 4585 | d20f 84ad 
  0x0000019810b4a348: 0200 004b 

  0x0000019810b4a34c: ;   {optimized virtual_call}
  0x0000019810b4a34c: 8d14 d4e8 

  0x0000019810b4a350: ; ImmutableOopMap {rbp=Oop [48]=Oop [64]=Oop }
                      ;*invokevirtual get {reexecute=0 rethrow=0 return_oop=0}
                      ; - java.awt.WaitDispatchSupport$1::evaluate@32 (line 111)
                      ; - java.awt.EventDispatchThread::pumpEventsForFilter@25 (line 123)
  0x0000019810b4a350: 8c4a 38ff 

  0x0000019810b4a354: ;   {post_call_nop}
  0x0000019810b4a354: 0f1f 8400 | 4c04 000e | baa5 ffff | ff44 8b5c | 2428 4489 | 5c24 204c | 8b5c 2430 | 4c89 5c24 
  0x0000019810b4a374: 2848 ff74 | 2440 488f | 4424 3089 

  0x0000019810b4a380: ;   {runtime_call UncommonTrapBlob}
  0x0000019810b4a380: 4424 40e8 

  0x0000019810b4a384: ; ImmutableOopMap {rbp=Oop [40]=Oop [48]=Oop }
                      ;*invokedynamic {reexecute=0 rethrow=0 return_oop=0}
                      ; - java.awt.WaitDispatchSupport$1::evaluate@35 (line 111)
                      ; - java.awt.EventDispatchThread::pumpEventsForFilter@25 (line 123)
  0x0000019810b4a384: d857 45ff 

  0x0000019810b4a388: ;   {post_call_nop}
  0x0000019810b4a388: 0f1f 8400 | 8004 000f | 4585 db0f | 84f7 0100 | 00bd 0100 | 0000 e984 | feff ff45 | 85db 0f85 
  0x0000019810b4a3a8: f6fe ffff | baf6 ffff 

  0x0000019810b4a3b0: ;   {runtime_call UncommonTrapBlob}
  0x0000019810b4a3b0: ff66 90e8 

  0x0000019810b4a3b4: ; ImmutableOopMap {}
                      ;*getfield timerTask {reexecute=1 rethrow=0 return_oop=0}
                      ; - (reexecute) java.awt.WaitDispatchSupport$1::evaluate@104 (line 116)
                      ; - java.awt.EventDispatchThread::pumpEventsForFilter@25 (line 123)
  0x0000019810b4a3b4: a857 45ff 

  0x0000019810b4a3b8: ;   {post_call_nop}
  0x0000019810b4a3b8: 0f1f 8400 | b004 0010 | 4889 6c24 | 2044 8b45 | 7445 85c0 | 0f84 3a02 | 0000 4b8d | 2cc4 488d 
  0x0000019810b4a3d8: 5c24 504c | 8b55 0041 | 8b9f d806 | 0000 41f6 | c202 0f85 | 3800 0000 | 81fb 2707 | 0000 0f8f 
  0x0000019810b4a3f8: 4c00 0000 | 493b 6c1f | f874 1749 | 8bc2 4883 | c801 4983 | e2fe f04c | 0fb1 5500 | 0f85 2e00 
  0x0000019810b4a418: 0000 4989 | 2c1f 4183 | 87d8 0600 | 0008 eb1e | 4833 c049 | 8b9f c804 | 0000 f049 | 0fb1 5a3e 
  0x0000019810b4a438: 740c 483b | d875 0949 | ff82 8600 | 0000 33c0 | 0f85 ee01 | 0000 4c8b | 5424 2045 | 8b5a 7445 
  0x0000019810b4a458: 85db 0f84 | c001 0000 | 4b8d 14dc | 4c8b 4424 

  0x0000019810b4a468: ;   {optimized virtual_call}
  0x0000019810b4a468: 3066 90e8 

  0x0000019810b4a46c: ; ImmutableOopMap {rbp=Oop }
                      ;*invokevirtual remove {reexecute=0 rethrow=0 return_oop=0}
                      ; - java.awt.EventDispatchThread::removeEventFilter@39 (line 160)
                      ; - java.awt.EventDispatchThread::pumpEventsForFilter@43 (line 126)
  0x0000019810b4a46c: 7049 38ff 

  0x0000019810b4a470: ;   {post_call_nop}
  0x0000019810b4a470: 0f1f 8400 | 6805 0011 | 488d 4424 | 5041 8b87 | d806 0000 | 4c8b 5500 | 493b 6c07 | f80f 852f 
  0x0000019810b4a490: 0000 0041 | 83af d806 | 0000 0849 | 3b6c 07f0 | 0f84 6000 | 0000 498b | c248 83e0 | fc49 83ca 
  0x0000019810b4a4b0: 01f0 4c0f | b155 000f | 8522 0300 | 00e9 4400 | 0000 4983 | ba86 0000 | 0000 7533 | 49c7 423e 
  0x0000019810b4a4d0: 0000 0000 | f083 4424 | c000 4983 | ba8e 0000 | 0000 7422 | 4983 ba9e | 0000 0000 | 7518 4983 
  0x0000019810b4a4f0: e2fd 4d89 | 97e8 0500 | 0041 83ca | 01eb 0a49 | ff8a 8600 | 0000 4533 | d20f 8553 | 0100 0048 
  0x0000019810b4a510: 83c4 605d 

  0x0000019810b4a514: ;   {poll_return}
  0x0000019810b4a514: 493b 6728 | 0f87 ab02 | 0000 c333 | edeb 0349 | 8be8 ba6e | ffff ff89 | 7c24 2048 | 8974 2428 
  0x0000019810b4a534: 4889 5c24 

  0x0000019810b4a538: ;   {runtime_call UncommonTrapBlob}
  0x0000019810b4a538: 3066 90e8 

  0x0000019810b4a53c: ; ImmutableOopMap {rbp=Oop [40]=Oop [48]=Oop }
                      ;*aload_0 {reexecute=0 rethrow=0 return_oop=0}
                      ; - java.awt.EventDispatchThread::pumpEventsForFilter@10 (line 123)
  0x0000019810b4a53c: 2056 45ff 

  0x0000019810b4a540: ;   {post_call_nop}
  0x0000019810b4a540: 0f1f 8400 | 3806 0012 | ba85 ffff | ff89 7c24 | 2048 8974 | 2428 4889 

  0x0000019810b4a558: ;   {runtime_call UncommonTrapBlob}
  0x0000019810b4a558: 5c24 30e8 

  0x0000019810b4a55c: ; ImmutableOopMap {rbp=Oop [40]=Oop [48]=Oop }
                      ;*aload_0 {reexecute=0 rethrow=0 return_oop=0}
                      ; - java.awt.EventDispatchThread::pumpEventsForFilter@10 (line 123)
  0x0000019810b4a55c: 0056 45ff 

  0x0000019810b4a560: ;   {post_call_nop}
  0x0000019810b4a560: 0f1f 8400 | 5806 0013 | baf6 ffff 

  0x0000019810b4a56c: ;   {runtime_call UncommonTrapBlob}
  0x0000019810b4a56c: ff66 90e8 

  0x0000019810b4a570: ; ImmutableOopMap {}
                      ;*getfield extCondition {reexecute=1 rethrow=0 return_oop=0}
                      ; - (reexecute) java.awt.WaitDispatchSupport$1::evaluate@47 (line 114)
                      ; - java.awt.EventDispatchThread::pumpEventsForFilter@25 (line 123)
  0x0000019810b4a570: ec55 45ff 

  0x0000019810b4a574: ;   {post_call_nop}
  0x0000019810b4a574: 0f1f 8400 | 6c06 0014 | baf6 ffff 

  0x0000019810b4a580: ;   {runtime_call UncommonTrapBlob}
  0x0000019810b4a580: ff66 90e8 

  0x0000019810b4a584: ; ImmutableOopMap {}
                      ;*invokevirtual get {reexecute=0 rethrow=0 return_oop=0}
                      ; - java.awt.WaitDispatchSupport$1::evaluate@77 (line 115)
                      ; - java.awt.EventDispatchThread::pumpEventsForFilter@25 (line 123)
  0x0000019810b4a584: d855 45ff 

  0x0000019810b4a588: ;   {post_call_nop}
  0x0000019810b4a588: 0f1f 8400 | 8006 0015 | baf6 ffff 

  0x0000019810b4a594: ;   {runtime_call UncommonTrapBlob}
  0x0000019810b4a594: ff66 90e8 

  0x0000019810b4a598: ; ImmutableOopMap {}
                      ;*getfield keepBlockingEDT {reexecute=1 rethrow=0 return_oop=0}
                      ; - (reexecute) java.awt.WaitDispatchSupport$1::evaluate@74 (line 115)
                      ; - java.awt.EventDispatchThread::pumpEventsForFilter@25 (line 123)
  0x0000019810b4a598: c455 45ff 

  0x0000019810b4a59c: ;   {post_call_nop}
  0x0000019810b4a59c: 0f1f 8400 | 9406 0016 | baf6 ffff 

  0x0000019810b4a5a8: ;   {runtime_call UncommonTrapBlob}
  0x0000019810b4a5a8: ff66 90e8 

  0x0000019810b4a5ac: ; ImmutableOopMap {}
                      ;*invokevirtual get {reexecute=0 rethrow=0 return_oop=0}
                      ; - java.awt.WaitDispatchSupport$1::evaluate@94 (line 115)
                      ; - java.awt.EventDispatchThread::pumpEventsForFilter@25 (line 123)
  0x0000019810b4a5ac: b055 45ff 

  0x0000019810b4a5b0: ;   {post_call_nop}
  0x0000019810b4a5b0: 0f1f 8400 | a806 0017 | 498b e8e9 | 66ff ffff | baec ffff | ff4c 8b54 | 2438 4c89 | 5424 204c 
  0x0000019810b4a5d0: 8944 2440 

  0x0000019810b4a5d4: ;   {runtime_call UncommonTrapBlob}
  0x0000019810b4a5d4: 6666 90e8 

  0x0000019810b4a5d8: ; ImmutableOopMap {rbp=NarrowOop [32]=Oop [48]=Oop [64]=Oop }
                      ;*ifnull {reexecute=1 rethrow=0 return_oop=0}
                      ; - (reexecute) java.awt.WaitDispatchSupport$1::evaluate@107 (line 116)
                      ; - java.awt.EventDispatchThread::pumpEventsForFilter@25 (line 123)
  0x0000019810b4a5d8: 8455 45ff 

  0x0000019810b4a5dc: ;   {post_call_nop}
  0x0000019810b4a5dc: 0f1f 8400 | d406 0018 | baf6 ffff 

  0x0000019810b4a5e8: ;   {runtime_call UncommonTrapBlob}
  0x0000019810b4a5e8: ff66 90e8 

  0x0000019810b4a5ec: ; ImmutableOopMap {}
                      ;*invokevirtual get {reexecute=0 rethrow=0 return_oop=0}
                      ; - java.awt.WaitDispatchSupport$1::evaluate@22 (line 110)
                      ; - java.awt.EventDispatchThread::pumpEventsForFilter@25 (line 123)
  0x0000019810b4a5ec: 7055 45ff 

  0x0000019810b4a5f0: ;   {post_call_nop}
  0x0000019810b4a5f0: 0f1f 8400 | e806 0019 | baf6 ffff 

  0x0000019810b4a5fc: ;   {runtime_call UncommonTrapBlob}
  0x0000019810b4a5fc: ff66 90e8 

  0x0000019810b4a600: ; ImmutableOopMap {}
                      ;*invokevirtual get {reexecute=0 rethrow=0 return_oop=0}
                      ; - java.awt.WaitDispatchSupport$1::evaluate@32 (line 111)
                      ; - java.awt.EventDispatchThread::pumpEventsForFilter@25 (line 123)
  0x0000019810b4a600: 5c55 45ff 

  0x0000019810b4a604: ;   {post_call_nop}
  0x0000019810b4a604: 0f1f 8400 | fc06 001a | baf6 ffff 

  0x0000019810b4a610: ;   {runtime_call UncommonTrapBlob}
  0x0000019810b4a610: ff66 90e8 

  0x0000019810b4a614: ; ImmutableOopMap {rbp=Oop [48]=Oop }
                      ;*monitorenter {reexecute=0 rethrow=0 return_oop=0}
                      ; - java.awt.EventDispatchThread::removeEventFilter@33 (line 159)
                      ; - java.awt.EventDispatchThread::pumpEventsForFilter@43 (line 126)
  0x0000019810b4a614: 4855 45ff 

  0x0000019810b4a618: ;   {post_call_nop}
  0x0000019810b4a618: 0f1f 8400 | 1007 001b | baf6 ffff | ff48 8b6c | 2430 4489 

  0x0000019810b4a62c: ;   {runtime_call UncommonTrapBlob}
  0x0000019810b4a62c: 4424 24e8 

  0x0000019810b4a630: ; ImmutableOopMap {rbp=Oop [36]=NarrowOop }
                      ;*invokevirtual remove {reexecute=0 rethrow=0 return_oop=0}
                      ; - java.awt.EventDispatchThread::removeEventFilter@39 (line 160)
                      ; - java.awt.EventDispatchThread::pumpEventsForFilter@43 (line 126)
  0x0000019810b4a630: 2c55 45ff 

  0x0000019810b4a634: ;   {post_call_nop}
  0x0000019810b4a634: 0f1f 8400 | 2c07 001c | 4489 4424 | 4048 8bd5 | 4c8d 4424 

  0x0000019810b4a648: ;   {runtime_call C2 Runtime complete_monitor_locking}
  0x0000019810b4a648: 5066 90e8 

  0x0000019810b4a64c: ; ImmutableOopMap {rbp=Oop [32]=Oop [48]=Oop [64]=NarrowOop }
                      ;*monitorenter {reexecute=0 rethrow=0 return_oop=0}
                      ; - java.awt.EventDispatchThread::removeEventFilter@33 (line 159)
                      ; - java.awt.EventDispatchThread::pumpEventsForFilter@43 (line 126)
  0x0000019810b4a64c: 1089 45ff 

  0x0000019810b4a650: ;   {post_call_nop}
  0x0000019810b4a650: 0f1f 8400 | 4807 001d | 448b 4424 | 40e9 ecfd | ffff 488b | cd48 8d54 | 2450 4d8b 

  0x0000019810b4a66c: ;   {runtime_call}
  0x0000019810b4a66c: c749 ba80 | c3ac 20fd | 7f00 0041 

  0x0000019810b4a678: ;   {post_call_nop}
  0x0000019810b4a678: ffd2 0f1f | 8400 0000 | 0000 e988 | feff ffba | f6ff ffff 

  0x0000019810b4a68c: ;   {runtime_call UncommonTrapBlob}
  0x0000019810b4a68c: 6666 90e8 

  0x0000019810b4a690: ; ImmutableOopMap {}
                      ;*getfield extCondition {reexecute=1 rethrow=0 return_oop=0}
                      ; - (reexecute) java.awt.WaitDispatchSupport$1::evaluate@57 (line 114)
                      ; - java.awt.EventDispatchThread::pumpEventsForFilter@25 (line 123)
  0x0000019810b4a690: cc54 45ff 

  0x0000019810b4a694: ;   {post_call_nop}
  0x0000019810b4a694: 0f1f 8400 | 8c07 001e | baf6 ffff 

  0x0000019810b4a6a0: ;   {runtime_call UncommonTrapBlob}
  0x0000019810b4a6a0: ff66 90e8 

  0x0000019810b4a6a4: ; ImmutableOopMap {}
                      ;*getfield afterExit {reexecute=1 rethrow=0 return_oop=0}
                      ; - (reexecute) java.awt.WaitDispatchSupport$1::evaluate@91 (line 115)
                      ; - java.awt.EventDispatchThread::pumpEventsForFilter@25 (line 123)
  0x0000019810b4a6a4: b854 45ff 

  0x0000019810b4a6a8: ;   {post_call_nop}
  0x0000019810b4a6a8: 0f1f 8400 | a007 001f | 488b d848 | 8d44 2450 | 418b 87d8 | 0600 004c | 8b55 0049 | 3b6c 07f8 
  0x0000019810b4a6c8: 0f85 2f00 | 0000 4183 | afd8 0600 | 0008 493b | 6c07 f00f | 8460 0000 | 0049 8bc2 | 4883 e0fc 
  0x0000019810b4a6e8: 4983 ca01 | f04c 0fb1 | 5500 0f85 | c400 0000 | e944 0000 | 0049 83ba | 8600 0000 | 0075 3349 
  0x0000019810b4a708: c742 3e00 | 0000 00f0 | 8344 24c0 | 0049 83ba | 8e00 0000 | 0074 2249 | 83ba 9e00 | 0000 0075 
  0x0000019810b4a728: 1849 83e2 | fd4d 8997 | e805 0000 | 4183 ca01 | eb0a 49ff | 8a86 0000 | 0045 33d2 | 742e 488b 
  0x0000019810b4a748: cd48 8d54 | 2450 4d8b 

  0x0000019810b4a750: ;   {runtime_call}
  0x0000019810b4a750: c749 ba80 | c3ac 20fd | 7f00 0041 

  0x0000019810b4a75c: ;   {post_call_nop}
  0x0000019810b4a75c: ffd2 0f1f | 8400 0000 | 0000 eb0c | eb17 eb15 | 488b d8eb | 0348 8bd8 | 488b d3eb | 10eb 0beb 
  0x0000019810b4a77c: 04eb 02eb | 0048 8bd0 | eb03 488b | d048 83c4 

  0x0000019810b4a78c: ;   {runtime_call C2 Runtime rethrow}
  0x0000019810b4a78c: 605d e94d | e845 ffba | f6ff ffff 

  0x0000019810b4a798: ;   {runtime_call UncommonTrapBlob}
  0x0000019810b4a798: 6666 90e8 

  0x0000019810b4a79c: ; ImmutableOopMap {}
                      ;*getfield keepBlockingEDT {reexecute=1 rethrow=0 return_oop=0}
                      ; - (reexecute) java.awt.WaitDispatchSupport$1::evaluate@19 (line 110)
                      ; - java.awt.EventDispatchThread::pumpEventsForFilter@25 (line 123)
  0x0000019810b4a79c: c053 45ff 

  0x0000019810b4a7a0: ;   {post_call_nop}
  0x0000019810b4a7a0: 0f1f 8400 | 9808 0020 | baf6 ffff 

  0x0000019810b4a7ac: ;   {runtime_call UncommonTrapBlob}
  0x0000019810b4a7ac: ff66 90e8 

  0x0000019810b4a7b0: ; ImmutableOopMap {}
                      ;*getfield keepBlockingCT {reexecute=1 rethrow=0 return_oop=0}
                      ; - (reexecute) java.awt.WaitDispatchSupport$1::evaluate@29 (line 110)
                      ; - java.awt.EventDispatchThread::pumpEventsForFilter@25 (line 123)
  0x0000019810b4a7b0: ac53 45ff 

  0x0000019810b4a7b4: ;   {post_call_nop}
  0x0000019810b4a7b4: 0f1f 8400 | ac08 0021 | 4183 87d8 | 0600 0008 | e97b ffff 

  0x0000019810b4a7c8: ;   {internal_word}
  0x0000019810b4a7c8: ff49 ba14 | a5b4 1098 | 0100 004d | 8997 e004 

  0x0000019810b4a7d8: ;   {runtime_call SafepointBlob}
  0x0000019810b4a7d8: 0000 e981 | 6738 ff41 | 8387 d806 | 0000 08e9 | 1dfd ffff 

  0x0000019810b4a7ec: ;   {runtime_call Stub::method_entry_barrier}
  0x0000019810b4a7ec: e84f 9a36 | ffe9 34f8 | ffff f4f4 
[Stub Code]
  0x0000019810b4a7f8: ;   {static_stub}
  0x0000019810b4a7f8: 48bb 0000 | 0000 0000 

  0x0000019810b4a800: ;   {runtime_call nmethod}
  0x0000019810b4a800: 0000 e9fb 

  0x0000019810b4a804: ;   {static_stub}
  0x0000019810b4a804: ffff ff48 | bb00 0000 | 0000 0000 

  0x0000019810b4a810: ;   {runtime_call nmethod}
  0x0000019810b4a810: 00e9 fbff 

  0x0000019810b4a814: ;   {static_stub}
  0x0000019810b4a814: ffff 48bb | 0000 0000 | 0000 0000 

  0x0000019810b4a820: ;   {runtime_call nmethod}
  0x0000019810b4a820: e9fb ffff 

  0x0000019810b4a824: ;   {static_stub}
  0x0000019810b4a824: ff48 bb00 | 0000 0000 

  0x0000019810b4a82c: ;   {runtime_call nmethod}
  0x0000019810b4a82c: 0000 00e9 | fbff ffff 

  0x0000019810b4a834: ;   {static_stub}
  0x0000019810b4a834: 48bb 0000 | 0000 0000 

  0x0000019810b4a83c: ;   {runtime_call nmethod}
  0x0000019810b4a83c: 0000 e9fb 

  0x0000019810b4a840: ;   {static_stub}
  0x0000019810b4a840: ffff ff48 | bb00 0000 | 0000 0000 

  0x0000019810b4a84c: ;   {runtime_call nmethod}
  0x0000019810b4a84c: 00e9 fbff 

  0x0000019810b4a850: ;   {static_stub}
  0x0000019810b4a850: ffff 48bb | 0000 0000 | 0000 0000 

  0x0000019810b4a85c: ;   {runtime_call nmethod}
  0x0000019810b4a85c: e9fb ffff 

  0x0000019810b4a860: ;   {runtime_call ExceptionBlob}
  0x0000019810b4a860: ffe9 fa55 | 45ff e800 | 0000 0048 | 832c 2405 

  0x0000019810b4a870: ;   {runtime_call DeoptimizationBlob}
  0x0000019810b4a870: e9eb 6938 | fff4 f4f4 
[/MachCode]


---------------  P R O C E S S  ---------------

Threads class SMR info:
_java_thread_list=0x0000019826177cb0, length=21, elements={
0x000001981f477720, 0x000001981f478030, 0x000001981f478cf0, 0x000001981f47af40,
0x000001981f47cac0, 0x000001981f485290, 0x000001981f489da0, 0x000001981f49efd0,
0x000001981fbe66b0, 0x000001981fbe7440, 0x000001981ff6e250, 0x00000198245ea9c0,
0x00000198245eb180, 0x00000198244cc310, 0x000001987d4c23f0, 0x0000019824944820,
0x00000198244f3480, 0x000001981feaff90, 0x000001981feb26a0, 0x000001981feb3e10,
0x00000198248635b0
}

Java Threads: ( => current thread )
  0x000001981f477720 JavaThread "Reference Handler"          daemon [_thread_blocked, id=12652, stack(0x00000048dd500000,0x00000048dd600000) (1024K)]
  0x000001981f478030 JavaThread "Finalizer"                  daemon [_thread_blocked, id=10848, stack(0x00000048dd600000,0x00000048dd700000) (1024K)]
  0x000001981f478cf0 JavaThread "Signal Dispatcher"          daemon [_thread_blocked, id=22552, stack(0x00000048dd700000,0x00000048dd800000) (1024K)]
  0x000001981f47af40 JavaThread "Attach Listener"            daemon [_thread_blocked, id=21424, stack(0x00000048dd800000,0x00000048dd900000) (1024K)]
  0x000001981f47cac0 JavaThread "Service Thread"             daemon [_thread_blocked, id=22632, stack(0x00000048dd900000,0x00000048dda00000) (1024K)]
  0x000001981f485290 JavaThread "Monitor Deflation Thread"   daemon [_thread_blocked, id=22880, stack(0x00000048dda00000,0x00000048ddb00000) (1024K)]
  0x000001981f489da0 JavaThread "C2 CompilerThread0"         daemon [_thread_blocked, id=24776, stack(0x00000048ddb00000,0x00000048ddc00000) (1024K)]
  0x000001981f49efd0 JavaThread "C1 CompilerThread0"         daemon [_thread_blocked, id=21580, stack(0x00000048ddc00000,0x00000048ddd00000) (1024K)]
  0x000001981fbe66b0 JavaThread "Notification Thread"        daemon [_thread_blocked, id=11284, stack(0x00000048ddd00000,0x00000048dde00000) (1024K)]
  0x000001981fbe7440 JavaThread "Common-Cleaner"             daemon [_thread_blocked, id=8264, stack(0x00000048dde00000,0x00000048ddf00000) (1024K)]
  0x000001981ff6e250 JavaThread "Java2D Disposer"            daemon [_thread_blocked, id=22200, stack(0x00000048de100000,0x00000048de200000) (1024K)]
  0x00000198245ea9c0 JavaThread "AWT-Shutdown"                      [_thread_blocked, id=25772, stack(0x00000048de200000,0x00000048de300000) (1024K)]
  0x00000198245eb180 JavaThread "AWT-Windows"                daemon [_thread_in_native, id=16104, stack(0x00000048de300000,0x00000048de400000) (1024K)]
=>0x00000198244cc310 JavaThread "AWT-EventQueue-0"                  [_thread_in_native, id=7084, stack(0x00000048de400000,0x00000048de500000) (1024K)]
  0x000001987d4c23f0 JavaThread "DestroyJavaVM"                     [_thread_blocked, id=6372, stack(0x00000048dcd00000,0x00000048dce00000) (1024K)]
  0x0000019824944820 JavaThread "TimerQueue"                 daemon [_thread_blocked, id=21572, stack(0x00000048dea00000,0x00000048deb00000) (1024K)]
  0x00000198244f3480 JavaThread "SwingWorker-pool-2-thread-1" daemon [_thread_blocked, id=26132, stack(0x00000048deb00000,0x00000048dec00000) (1024K)]
  0x000001981feaff90 JavaThread "SwingWorker-pool-2-thread-2" daemon [_thread_blocked, id=12184, stack(0x00000048ddf00000,0x00000048de000000) (1024K)]
  0x000001981feb26a0 JavaThread "SwingWorker-pool-2-thread-3" daemon [_thread_blocked, id=6640, stack(0x00000048dfb00000,0x00000048dfc00000) (1024K)]
  0x000001981feb3e10 JavaThread "SwingWorker-pool-2-thread-4" daemon [_thread_blocked, id=22536, stack(0x00000048dfc00000,0x00000048dfd00000) (1024K)]
  0x00000198248635b0 JavaThread "SwingWorker-pool-2-thread-5" daemon [_thread_blocked, id=23324, stack(0x00000048dcb00000,0x00000048dcc00000) (1024K)]
Total: 21

Other Threads:
  0x000001981f464fa0 VMThread "VM Thread"                           [id=12260, stack(0x00000048dd400000,0x00000048dd500000) (1024K)]
  0x000001981f454590 WatcherThread "VM Periodic Task Thread"        [id=23424, stack(0x00000048dd300000,0x00000048dd400000) (1024K)]
  0x000001987f909080 WorkerThread "GC Thread#0"                     [id=5352, stack(0x00000048dce00000,0x00000048dcf00000) (1024K)]
  0x0000019825e94310 WorkerThread "GC Thread#1"                     [id=7064, stack(0x00000048ded00000,0x00000048dee00000) (1024K)]
  0x0000019825e96750 WorkerThread "GC Thread#2"                     [id=24708, stack(0x00000048dee00000,0x00000048def00000) (1024K)]
  0x0000019825e77830 WorkerThread "GC Thread#3"                     [id=24696, stack(0x00000048def00000,0x00000048df000000) (1024K)]
  0x0000019825e77c80 WorkerThread "GC Thread#4"                     [id=15884, stack(0x00000048df000000,0x00000048df100000) (1024K)]
  0x0000019825e780d0 WorkerThread "GC Thread#5"                     [id=14840, stack(0x00000048df100000,0x00000048df200000) (1024K)]
  0x0000019825e78dc0 WorkerThread "GC Thread#6"                     [id=22240, stack(0x00000048df200000,0x00000048df300000) (1024K)]
  0x0000019825e79210 WorkerThread "GC Thread#7"                     [id=17568, stack(0x00000048df300000,0x00000048df400000) (1024K)]
  0x0000019825e78520 WorkerThread "GC Thread#8"                     [id=9160, stack(0x00000048df400000,0x00000048df500000) (1024K)]
  0x0000019825e76b40 WorkerThread "GC Thread#9"                     [id=22080, stack(0x00000048df500000,0x00000048df600000) (1024K)]
  0x0000019825e79660 WorkerThread "GC Thread#10"                    [id=25272, stack(0x00000048df600000,0x00000048df700000) (1024K)]
  0x0000019828323bd0 WorkerThread "GC Thread#11"                    [id=12576, stack(0x00000048dfd00000,0x00000048dfe00000) (1024K)]
  0x00000198283255b0 WorkerThread "GC Thread#12"                    [id=24828, stack(0x00000048dfe00000,0x00000048dff00000) (1024K)]
  0x000001987f9218b0 ConcurrentGCThread "G1 Main Marker"            [id=20604, stack(0x00000048dcf00000,0x00000048dd000000) (1024K)]
  0x000001987f9235c0 WorkerThread "G1 Conc#0"                       [id=26140, stack(0x00000048dd000000,0x00000048dd100000) (1024K)]
  0x0000019828326b40 WorkerThread "G1 Conc#1"                       [id=3388, stack(0x00000048dec00000,0x00000048ded00000) (1024K)]
  0x0000019828325a00 WorkerThread "G1 Conc#2"                       [id=14144, stack(0x00000048dfa00000,0x00000048dfb00000) (1024K)]
  0x000001981f31f1d0 ConcurrentGCThread "G1 Refine#0"               [id=460, stack(0x00000048dd100000,0x00000048dd200000) (1024K)]
  0x000001981f325800 ConcurrentGCThread "G1 Service"                [id=5016, stack(0x00000048dd200000,0x00000048dd300000) (1024K)]
Total: 21

Threads with active compile tasks:
Total: 0

VM state: not at safepoint (normal execution)

VM Mutex/Monitor currently owned by a thread: None

Heap address: 0x0000000705c00000, size: 4004 MB, Compressed Oops mode: Zero based, Oop shift amount: 3

CDS archive(s) mapped at: [0x000000001c000000-0x000000001cdd0000-0x000000001cdd0000), size 14483456, SharedBaseAddress: 0x000000001c000000, ArchiveRelocationMode: 1.
Compressed class space mapped at: 0x000000001d000000-0x000000005d000000, reserved size: 1073741824
UseCompressedClassPointers 1, UseCompactObjectHeaders 0
Narrow klass pointer bits 32, Max shift 3
Narrow klass base: 0x000000001c000000, Narrow klass shift: 0
Encoding Range: [0x000000001c000000 - 0x000000011c000000), (4294967296 bytes)
Klass Range:    [0x000000001c010000 - 0x000000005d000000), (1090453504 bytes)
Klass ID Range:  [65536 - 1090519033) (1090453497)
Protection zone: [0x000000001c000000 - 0x000000001c010000), (65536 bytes)

GC Precious Log:
 CardTable entry size: 512
 Card Set container configuration: InlinePtr #cards 4 size 8 Array Of Cards #cards 16 size 48 Howl #buckets 8 coarsen threshold 3686 Howl Bitmap #cards 512 size 80 coarsen threshold 460 Card regions per heap region 1 cards per card region 4096
 CPUs: 16 total, 16 available
 Memory: 16008M
 Large Page Support: Disabled
 NUMA Support: Disabled
 Compressed Oops: Enabled (Zero based)
 Heap Region Size: 2M
 Heap Min Capacity: 8M
 Heap Initial Capacity: 252M
 Heap Max Capacity: 4004M
 Pre-touch: Disabled
 Parallel Workers: 13
 Concurrent Workers: 3
 Concurrent Refinement Workers: 13
 Periodic GC: Disabled

Heap:
 garbage-first heap   total reserved 4100096K, committed 286720K, used 261636K [0x0000000705c00000, 0x0000000800000000)
  region size 2048K, 27 young (55296K), 3 survivors (6144K)

Heap Regions: E=young(eden), S=young(survivor), O=old, HS=humongous(starts), HC=humongous(continues), CS=collection set, F=free, TAMS=top-at-mark-start, PB=parsable bottom
|   0|0x0000000705c00000, 0x0000000705e00000, 0x0000000705e00000|100%|HS|  |TAMS 0x0000000705c00000| PB 0x0000000705c00000| Complete |  0
|   1|0x0000000705e00000, 0x0000000706000000, 0x0000000706000000|100%|HC|  |TAMS 0x0000000705e00000| PB 0x0000000705e00000| Complete |  0
|   2|0x0000000706000000, 0x0000000706200000, 0x0000000706200000|100%|HS|  |TAMS 0x0000000706000000| PB 0x0000000706000000| Complete |  0
|   3|0x0000000706200000, 0x0000000706400000, 0x0000000706400000|100%|HC|  |TAMS 0x0000000706200000| PB 0x0000000706200000| Complete |  0
|   4|0x0000000706400000, 0x0000000706600000, 0x0000000706600000|100%|HS|  |TAMS 0x0000000706400000| PB 0x0000000706400000| Complete |  0
|   5|0x0000000706600000, 0x0000000706800000, 0x0000000706800000|100%|HC|  |TAMS 0x0000000706600000| PB 0x0000000706600000| Complete |  0
|   6|0x0000000706800000, 0x0000000706a00000, 0x0000000706a00000|100%|HC|  |TAMS 0x0000000706800000| PB 0x0000000706800000| Complete |  0
|   7|0x0000000706a00000, 0x0000000706c00000, 0x0000000706c00000|100%|HC|  |TAMS 0x0000000706a00000| PB 0x0000000706a00000| Complete |  0
|   8|0x0000000706c00000, 0x0000000706e00000, 0x0000000706e00000|100%|HS|  |TAMS 0x0000000706c00000| PB 0x0000000706c00000| Complete |  0
|   9|0x0000000706e00000, 0x0000000707000000, 0x0000000707000000|100%|HC|  |TAMS 0x0000000706e00000| PB 0x0000000706e00000| Complete |  0
|  10|0x0000000707000000, 0x0000000707200000, 0x0000000707200000|100%|HS|  |TAMS 0x0000000707000000| PB 0x0000000707000000| Complete |  0
|  11|0x0000000707200000, 0x0000000707400000, 0x0000000707400000|100%|HC|  |TAMS 0x0000000707200000| PB 0x0000000707200000| Complete |  0
|  12|0x0000000707400000, 0x0000000707600000, 0x0000000707600000|100%|HS|  |TAMS 0x0000000707400000| PB 0x0000000707400000| Complete |  0
|  13|0x0000000707600000, 0x0000000707800000, 0x0000000707800000|100%| O|  |TAMS 0x0000000707600000| PB 0x0000000707600000| Untracked |  0
|  14|0x0000000707800000, 0x0000000707a00000, 0x0000000707a00000|100%| O|  |TAMS 0x0000000707800000| PB 0x0000000707800000| Untracked |  0
|  15|0x0000000707a00000, 0x0000000707a00000, 0x0000000707c00000|  0%| F|  |TAMS 0x0000000707a00000| PB 0x0000000707a00000| Untracked |  0
|  16|0x0000000707c00000, 0x0000000707e00000, 0x0000000707e00000|100%|HS|  |TAMS 0x0000000707c00000| PB 0x0000000707c00000| Complete |  0
|  17|0x0000000707e00000, 0x0000000708000000, 0x0000000708000000|100%|HC|  |TAMS 0x0000000707e00000| PB 0x0000000707e00000| Complete |  0
|  18|0x0000000708000000, 0x0000000708200000, 0x0000000708200000|100%|HS|  |TAMS 0x0000000708000000| PB 0x0000000708000000| Complete |  0
|  19|0x0000000708200000, 0x0000000708400000, 0x0000000708400000|100%|HC|  |TAMS 0x0000000708200000| PB 0x0000000708200000| Complete |  0
|  20|0x0000000708400000, 0x0000000708600000, 0x0000000708600000|100%|HS|  |TAMS 0x0000000708400000| PB 0x0000000708400000| Complete |  0
|  21|0x0000000708600000, 0x0000000708800000, 0x0000000708800000|100%|HC|  |TAMS 0x0000000708600000| PB 0x0000000708600000| Complete |  0
|  22|0x0000000708800000, 0x0000000708800000, 0x0000000708a00000|  0%| F|  |TAMS 0x0000000708800000| PB 0x0000000708800000| Untracked |  0
|  23|0x0000000708a00000, 0x0000000708c00000, 0x0000000708c00000|100%|HS|  |TAMS 0x0000000708a00000| PB 0x0000000708a00000| Complete |  0
|  24|0x0000000708c00000, 0x0000000708e00000, 0x0000000708e00000|100%|HC|  |TAMS 0x0000000708c00000| PB 0x0000000708c00000| Complete |  0
|  25|0x0000000708e00000, 0x0000000709000000, 0x0000000709000000|100%| O|  |TAMS 0x0000000708e00000| PB 0x0000000708e00000| Untracked |  0
|  26|0x0000000709000000, 0x0000000709200000, 0x0000000709200000|100%| O|  |TAMS 0x0000000709000000| PB 0x0000000709000000| Untracked |  0
|  27|0x0000000709200000, 0x0000000709400000, 0x0000000709400000|100%|HS|  |TAMS 0x0000000709200000| PB 0x0000000709200000| Complete |  0
|  28|0x0000000709400000, 0x0000000709600000, 0x0000000709600000|100%|HC|  |TAMS 0x0000000709400000| PB 0x0000000709400000| Complete |  0
|  29|0x0000000709600000, 0x0000000709800000, 0x0000000709800000|100%|HS|  |TAMS 0x0000000709600000| PB 0x0000000709600000| Complete |  0
|  30|0x0000000709800000, 0x0000000709a00000, 0x0000000709a00000|100%|HC|  |TAMS 0x0000000709800000| PB 0x0000000709800000| Complete |  0
|  31|0x0000000709a00000, 0x0000000709c00000, 0x0000000709c00000|100%|HS|  |TAMS 0x0000000709a00000| PB 0x0000000709a00000| Complete |  0
|  32|0x0000000709c00000, 0x0000000709e00000, 0x0000000709e00000|100%|HC|  |TAMS 0x0000000709c00000| PB 0x0000000709c00000| Complete |  0
|  33|0x0000000709e00000, 0x000000070a000000, 0x000000070a000000|100%|HS|  |TAMS 0x0000000709e00000| PB 0x0000000709e00000| Complete |  0
|  34|0x000000070a000000, 0x000000070a200000, 0x000000070a200000|100%|HC|  |TAMS 0x000000070a000000| PB 0x000000070a000000| Complete |  0
|  35|0x000000070a200000, 0x000000070a400000, 0x000000070a400000|100%|HS|  |TAMS 0x000000070a200000| PB 0x000000070a200000| Complete |  0
|  36|0x000000070a400000, 0x000000070a600000, 0x000000070a600000|100%|HC|  |TAMS 0x000000070a400000| PB 0x000000070a400000| Complete |  0
|  37|0x000000070a600000, 0x000000070a800000, 0x000000070a800000|100%|HS|  |TAMS 0x000000070a600000| PB 0x000000070a600000| Complete |  0
|  38|0x000000070a800000, 0x000000070aa00000, 0x000000070aa00000|100%|HC|  |TAMS 0x000000070a800000| PB 0x000000070a800000| Complete |  0
|  39|0x000000070aa00000, 0x000000070ac00000, 0x000000070ac00000|100%|HS|  |TAMS 0x000000070aa00000| PB 0x000000070aa00000| Complete |  0
|  40|0x000000070ac00000, 0x000000070ae00000, 0x000000070ae00000|100%|HC|  |TAMS 0x000000070ac00000| PB 0x000000070ac00000| Complete |  0
|  41|0x000000070ae00000, 0x000000070b000000, 0x000000070b000000|100%|HS|  |TAMS 0x000000070ae00000| PB 0x000000070ae00000| Complete |  0
|  42|0x000000070b000000, 0x000000070b200000, 0x000000070b200000|100%|HC|  |TAMS 0x000000070b000000| PB 0x000000070b000000| Complete |  0
|  43|0x000000070b200000, 0x000000070b400000, 0x000000070b400000|100%|HS|  |TAMS 0x000000070b200000| PB 0x000000070b200000| Complete |  0
|  44|0x000000070b400000, 0x000000070b600000, 0x000000070b600000|100%|HC|  |TAMS 0x000000070b400000| PB 0x000000070b400000| Complete |  0
|  45|0x000000070b600000, 0x000000070b800000, 0x000000070b800000|100%|HS|  |TAMS 0x000000070b600000| PB 0x000000070b600000| Complete |  0
|  46|0x000000070b800000, 0x000000070ba00000, 0x000000070ba00000|100%|HC|  |TAMS 0x000000070b800000| PB 0x000000070b800000| Complete |  0
|  47|0x000000070ba00000, 0x000000070bc00000, 0x000000070bc00000|100%|HS|  |TAMS 0x000000070ba00000| PB 0x000000070ba00000| Complete |  0
|  48|0x000000070bc00000, 0x000000070be00000, 0x000000070be00000|100%|HC|  |TAMS 0x000000070bc00000| PB 0x000000070bc00000| Complete |  0
|  49|0x000000070be00000, 0x000000070c000000, 0x000000070c000000|100%|HS|  |TAMS 0x000000070be00000| PB 0x000000070be00000| Complete |  0
|  50|0x000000070c000000, 0x000000070c200000, 0x000000070c200000|100%|HC|  |TAMS 0x000000070c000000| PB 0x000000070c000000| Complete |  0
|  51|0x000000070c200000, 0x000000070c400000, 0x000000070c400000|100%|HS|  |TAMS 0x000000070c200000| PB 0x000000070c200000| Complete |  0
|  52|0x000000070c400000, 0x000000070c600000, 0x000000070c600000|100%|HC|  |TAMS 0x000000070c400000| PB 0x000000070c400000| Complete |  0
|  53|0x000000070c600000, 0x000000070c800000, 0x000000070c800000|100%|HS|  |TAMS 0x000000070c600000| PB 0x000000070c600000| Complete |  0
|  54|0x000000070c800000, 0x000000070ca00000, 0x000000070ca00000|100%|HC|  |TAMS 0x000000070c800000| PB 0x000000070c800000| Complete |  0
|  55|0x000000070ca00000, 0x000000070cc00000, 0x000000070cc00000|100%|HS|  |TAMS 0x000000070ca00000| PB 0x000000070ca00000| Complete |  0
|  56|0x000000070cc00000, 0x000000070ce00000, 0x000000070ce00000|100%|HC|  |TAMS 0x000000070cc00000| PB 0x000000070cc00000| Complete |  0
|  57|0x000000070ce00000, 0x000000070d000000, 0x000000070d000000|100%|HS|  |TAMS 0x000000070ce00000| PB 0x000000070ce00000| Complete |  0
|  58|0x000000070d000000, 0x000000070d200000, 0x000000070d200000|100%|HC|  |TAMS 0x000000070d000000| PB 0x000000070d000000| Complete |  0
|  59|0x000000070d200000, 0x000000070d400000, 0x000000070d400000|100%|HS|  |TAMS 0x000000070d200000| PB 0x000000070d200000| Complete |  0
|  60|0x000000070d400000, 0x000000070d600000, 0x000000070d600000|100%| O|  |TAMS 0x000000070d400000| PB 0x000000070d400000| Untracked |  0
|  61|0x000000070d600000, 0x000000070d800000, 0x000000070d800000|100%| O|  |TAMS 0x000000070d600000| PB 0x000000070d600000| Untracked |  0
|  62|0x000000070d800000, 0x000000070da00000, 0x000000070da00000|100%|HS|  |TAMS 0x000000070d800000| PB 0x000000070d800000| Complete |  0
|  63|0x000000070da00000, 0x000000070dc00000, 0x000000070dc00000|100%|HC|  |TAMS 0x000000070da00000| PB 0x000000070da00000| Complete |  0
|  64|0x000000070dc00000, 0x000000070de00000, 0x000000070de00000|100%|HS|  |TAMS 0x000000070dc00000| PB 0x000000070dc00000| Complete |  0
|  65|0x000000070de00000, 0x000000070e000000, 0x000000070e000000|100%|HC|  |TAMS 0x000000070de00000| PB 0x000000070de00000| Complete |  0
|  66|0x000000070e000000, 0x000000070e200000, 0x000000070e200000|100%|HS|  |TAMS 0x000000070e000000| PB 0x000000070e000000| Complete |  0
|  67|0x000000070e200000, 0x000000070e400000, 0x000000070e400000|100%|HC|  |TAMS 0x000000070e200000| PB 0x000000070e200000| Complete |  0
|  68|0x000000070e400000, 0x000000070e600000, 0x000000070e600000|100%| O|Cm|TAMS 0x000000070e400000| PB 0x000000070e400000| Complete |  0
|  69|0x000000070e600000, 0x000000070e800000, 0x000000070e800000|100%|HS|  |TAMS 0x000000070e600000| PB 0x000000070e600000| Complete |  0
|  70|0x000000070e800000, 0x000000070ea00000, 0x000000070ea00000|100%|HC|  |TAMS 0x000000070e800000| PB 0x000000070e800000| Complete |  0
|  71|0x000000070ea00000, 0x000000070ec00000, 0x000000070ec00000|100%|HS|  |TAMS 0x000000070ea00000| PB 0x000000070ea00000| Complete |  0
|  72|0x000000070ec00000, 0x000000070ee00000, 0x000000070ee00000|100%|HC|  |TAMS 0x000000070ec00000| PB 0x000000070ec00000| Complete |  0
|  73|0x000000070ee00000, 0x000000070f000000, 0x000000070f000000|100%|HS|  |TAMS 0x000000070ee00000| PB 0x000000070ee00000| Complete |  0
|  74|0x000000070f000000, 0x000000070f200000, 0x000000070f200000|100%|HC|  |TAMS 0x000000070f000000| PB 0x000000070f000000| Complete |  0
|  75|0x000000070f200000, 0x000000070f200000, 0x000000070f400000|  0%| F|  |TAMS 0x000000070f200000| PB 0x000000070f200000| Untracked |  0
|  76|0x000000070f400000, 0x000000070f600000, 0x000000070f600000|100%| O|  |TAMS 0x000000070f400000| PB 0x000000070f400000| Untracked |  0
|  77|0x000000070f600000, 0x000000070f800000, 0x000000070f800000|100%|HS|  |TAMS 0x000000070f600000| PB 0x000000070f600000| Complete |  0
|  78|0x000000070f800000, 0x000000070fa00000, 0x000000070fa00000|100%|HC|  |TAMS 0x000000070f800000| PB 0x000000070f800000| Complete |  0
|  79|0x000000070fa00000, 0x000000070fc00000, 0x000000070fc00000|100%|HS|  |TAMS 0x000000070fa00000| PB 0x000000070fa00000| Complete |  0
|  80|0x000000070fc00000, 0x000000070fe00000, 0x000000070fe00000|100%|HC|  |TAMS 0x000000070fc00000| PB 0x000000070fc00000| Complete |  0
|  81|0x000000070fe00000, 0x0000000710000000, 0x0000000710000000|100%|HS|  |TAMS 0x000000070fe00000| PB 0x000000070fe00000| Complete |  0
|  82|0x0000000710000000, 0x0000000710200000, 0x0000000710200000|100%|HC|  |TAMS 0x0000000710000000| PB 0x0000000710000000| Complete |  0
|  83|0x0000000710200000, 0x0000000710400000, 0x0000000710400000|100%|HS|  |TAMS 0x0000000710200000| PB 0x0000000710200000| Complete |  0
|  84|0x0000000710400000, 0x0000000710600000, 0x0000000710600000|100%|HC|  |TAMS 0x0000000710400000| PB 0x0000000710400000| Complete |  0
|  85|0x0000000710600000, 0x0000000710800000, 0x0000000710800000|100%|HS|  |TAMS 0x0000000710600000| PB 0x0000000710600000| Complete |  0
|  86|0x0000000710800000, 0x0000000710a00000, 0x0000000710a00000|100%|HC|  |TAMS 0x0000000710800000| PB 0x0000000710800000| Complete |  0
|  87|0x0000000710a00000, 0x0000000710c00000, 0x0000000710c00000|100%|HS|  |TAMS 0x0000000710a00000| PB 0x0000000710a00000| Complete |  0
|  88|0x0000000710c00000, 0x0000000710e00000, 0x0000000710e00000|100%|HC|  |TAMS 0x0000000710c00000| PB 0x0000000710c00000| Complete |  0
|  89|0x0000000710e00000, 0x0000000710e00000, 0x0000000711000000|  0%| F|  |TAMS 0x0000000710e00000| PB 0x0000000710e00000| Untracked |  0
|  90|0x0000000711000000, 0x000000071110db80, 0x0000000711200000| 52%| S|CS|TAMS 0x0000000711000000| PB 0x0000000711000000| Complete |  0
|  91|0x0000000711200000, 0x0000000711400000, 0x0000000711400000|100%| S|CS|TAMS 0x0000000711200000| PB 0x0000000711200000| Complete |  0
|  92|0x0000000711400000, 0x0000000711600000, 0x0000000711600000|100%| S|CS|TAMS 0x0000000711400000| PB 0x0000000711400000| Complete |  0
|  93|0x0000000711600000, 0x0000000711800000, 0x0000000711800000|100%|HS|  |TAMS 0x0000000711600000| PB 0x0000000711600000| Complete |  0
|  94|0x0000000711800000, 0x0000000711a00000, 0x0000000711a00000|100%|HC|  |TAMS 0x0000000711800000| PB 0x0000000711800000| Complete |  0
|  95|0x0000000711a00000, 0x0000000711c00000, 0x0000000711c00000|100%|HS|  |TAMS 0x0000000711a00000| PB 0x0000000711a00000| Complete |  0
|  96|0x0000000711c00000, 0x0000000711e00000, 0x0000000711e00000|100%|HC|  |TAMS 0x0000000711c00000| PB 0x0000000711c00000| Complete |  0
|  97|0x0000000711e00000, 0x0000000712000000, 0x0000000712000000|100%|HS|  |TAMS 0x0000000711e00000| PB 0x0000000711e00000| Complete |  0
|  98|0x0000000712000000, 0x0000000712200000, 0x0000000712200000|100%|HC|  |TAMS 0x0000000712000000| PB 0x0000000712000000| Complete |  0
|  99|0x0000000712200000, 0x0000000712400000, 0x0000000712400000|100%|HS|  |TAMS 0x0000000712200000| PB 0x0000000712200000| Complete |  0
| 100|0x0000000712400000, 0x0000000712600000, 0x0000000712600000|100%|HC|  |TAMS 0x0000000712400000| PB 0x0000000712400000| Complete |  0
| 101|0x0000000712600000, 0x0000000712800000, 0x0000000712800000|100%|HS|  |TAMS 0x0000000712600000| PB 0x0000000712600000| Complete |  0
| 102|0x0000000712800000, 0x0000000712a00000, 0x0000000712a00000|100%|HC|  |TAMS 0x0000000712800000| PB 0x0000000712800000| Complete |  0
| 103|0x0000000712a00000, 0x0000000712c00000, 0x0000000712c00000|100%|HS|  |TAMS 0x0000000712a00000| PB 0x0000000712a00000| Complete |  0
| 104|0x0000000712c00000, 0x0000000712e00000, 0x0000000712e00000|100%|HC|  |TAMS 0x0000000712c00000| PB 0x0000000712c00000| Complete |  0
| 105|0x0000000712e00000, 0x0000000713000000, 0x0000000713000000|100%|HS|  |TAMS 0x0000000712e00000| PB 0x0000000712e00000| Complete |  0
| 106|0x0000000713000000, 0x0000000713200000, 0x0000000713200000|100%|HC|  |TAMS 0x0000000713000000| PB 0x0000000713000000| Complete |  0
| 107|0x0000000713200000, 0x0000000713200000, 0x0000000713400000|  0%| F|  |TAMS 0x0000000713200000| PB 0x0000000713200000| Untracked |  0
| 108|0x0000000713400000, 0x0000000713400000, 0x0000000713600000|  0%| F|  |TAMS 0x0000000713400000| PB 0x0000000713400000| Untracked |  0
| 109|0x0000000713600000, 0x0000000713600000, 0x0000000713800000|  0%| F|  |TAMS 0x0000000713600000| PB 0x0000000713600000| Untracked |  0
| 110|0x0000000713800000, 0x0000000713800000, 0x0000000713a00000|  0%| F|  |TAMS 0x0000000713800000| PB 0x0000000713800000| Untracked |  0
| 111|0x0000000713a00000, 0x0000000713a00000, 0x0000000713c00000|  0%| F|  |TAMS 0x0000000713a00000| PB 0x0000000713a00000| Untracked |  0
| 112|0x0000000713c00000, 0x0000000713c00000, 0x0000000713e00000|  0%| F|  |TAMS 0x0000000713c00000| PB 0x0000000713c00000| Untracked |  0
| 113|0x0000000713e00000, 0x0000000713e0a5b8, 0x0000000714000000|  2%| E|  |TAMS 0x0000000713e00000| PB 0x0000000713e00000| Complete |  0
| 114|0x0000000714000000, 0x0000000714200000, 0x0000000714200000|100%| E|CS|TAMS 0x0000000714000000| PB 0x0000000714000000| Complete |  0
| 115|0x0000000714200000, 0x0000000714400000, 0x0000000714400000|100%| E|CS|TAMS 0x0000000714200000| PB 0x0000000714200000| Complete |  0
| 116|0x0000000714400000, 0x0000000714600000, 0x0000000714600000|100%| E|CS|TAMS 0x0000000714400000| PB 0x0000000714400000| Complete |  0
| 117|0x0000000714600000, 0x0000000714800000, 0x0000000714800000|100%| E|CS|TAMS 0x0000000714600000| PB 0x0000000714600000| Complete |  0
| 118|0x0000000714800000, 0x0000000714a00000, 0x0000000714a00000|100%| E|CS|TAMS 0x0000000714800000| PB 0x0000000714800000| Complete |  0
| 119|0x0000000714a00000, 0x0000000714c00000, 0x0000000714c00000|100%| E|CS|TAMS 0x0000000714a00000| PB 0x0000000714a00000| Complete |  0
| 120|0x0000000714c00000, 0x0000000714e00000, 0x0000000714e00000|100%| E|CS|TAMS 0x0000000714c00000| PB 0x0000000714c00000| Complete |  0
| 121|0x0000000714e00000, 0x0000000715000000, 0x0000000715000000|100%| E|CS|TAMS 0x0000000714e00000| PB 0x0000000714e00000| Complete |  0
| 122|0x0000000715000000, 0x0000000715200000, 0x0000000715200000|100%| E|CS|TAMS 0x0000000715000000| PB 0x0000000715000000| Complete |  0
| 123|0x0000000715200000, 0x0000000715400000, 0x0000000715400000|100%| E|CS|TAMS 0x0000000715200000| PB 0x0000000715200000| Complete |  0
| 124|0x0000000715400000, 0x0000000715600000, 0x0000000715600000|100%| E|CS|TAMS 0x0000000715400000| PB 0x0000000715400000| Complete |  0
| 125|0x0000000715600000, 0x0000000715800000, 0x0000000715800000|100%| E|CS|TAMS 0x0000000715600000| PB 0x0000000715600000| Complete |  0
| 126|0x0000000715800000, 0x0000000715a00000, 0x0000000715a00000|100%| E|CS|TAMS 0x0000000715800000| PB 0x0000000715800000| Complete |  0
| 127|0x0000000715a00000, 0x0000000715c00000, 0x0000000715c00000|100%| E|CS|TAMS 0x0000000715a00000| PB 0x0000000715a00000| Complete |  0
| 128|0x0000000715c00000, 0x0000000715e00000, 0x0000000715e00000|100%| E|CS|TAMS 0x0000000715c00000| PB 0x0000000715c00000| Complete |  0
| 129|0x0000000715e00000, 0x0000000716000000, 0x0000000716000000|100%| E|CS|TAMS 0x0000000715e00000| PB 0x0000000715e00000| Complete |  0
| 130|0x0000000716000000, 0x0000000716200000, 0x0000000716200000|100%| E|CS|TAMS 0x0000000716000000| PB 0x0000000716000000| Complete |  0
| 131|0x0000000716200000, 0x0000000716400000, 0x0000000716400000|100%| E|CS|TAMS 0x0000000716200000| PB 0x0000000716200000| Complete |  0
| 132|0x0000000716400000, 0x0000000716600000, 0x0000000716600000|100%| E|CS|TAMS 0x0000000716400000| PB 0x0000000716400000| Complete |  0
| 133|0x0000000716600000, 0x0000000716800000, 0x0000000716800000|100%| E|CS|TAMS 0x0000000716600000| PB 0x0000000716600000| Complete |  0
| 134|0x0000000716800000, 0x0000000716a00000, 0x0000000716a00000|100%| E|CS|TAMS 0x0000000716800000| PB 0x0000000716800000| Complete |  0
| 135|0x0000000716a00000, 0x0000000716c00000, 0x0000000716c00000|100%| E|CS|TAMS 0x0000000716a00000| PB 0x0000000716a00000| Complete |  0
|1998|0x00000007ff800000, 0x00000007ff873770, 0x00000007ffa00000| 22%| O|  |TAMS 0x00000007ff800000| PB 0x00000007ff800000| Untracked |  0
|1999|0x00000007ffa00000, 0x00000007ffc00000, 0x00000007ffc00000|100%| O|  |TAMS 0x00000007ffa00000| PB 0x00000007ffa00000| Untracked |  0
|2000|0x00000007ffc00000, 0x00000007ffe00000, 0x00000007ffe00000|100%| O|  |TAMS 0x00000007ffc00000| PB 0x00000007ffc00000| Untracked |  0
|2001|0x00000007ffe00000, 0x0000000800000000, 0x0000000800000000|100%| E|CS|TAMS 0x00000007ffe00000| PB 0x00000007ffe00000| Complete |  0

Card table byte_map: [0x0000019818430000,0x0000019818c10000] _byte_map_base: 0x0000019814c02000

Marking Bits: (CMBitMap*) 0x000001987f909810
 Bits: [0x0000019818c10000, 0x000001981caa0000)

Polling page: 0x000001987f060000

Metaspace:
Metaspace        used 30481K, committed 30976K, reserved 1114112K
 class space     used 3384K, committed 3648K, reserved 1048576K

Usage:
  Non-class:     26.46 MB used.
      Class:      3.31 MB used.
       Both:     29.77 MB used.

Virtual space:
  Non-class space:       64.00 MB reserved,      26.69 MB ( 42%) committed,  1 nodes.
      Class space:        1.00 GB reserved,       3.56 MB ( <1%) committed,  1 nodes.
             Both:        1.06 GB reserved,      30.25 MB (  3%) committed. 

Chunk freelists:
   Non-Class:  4.96 MB
       Class:  12.51 MB
        Both:  17.47 MB

MaxMetaspaceSize: unlimited
CompressedClassSpaceSize: 1.00 GB
Initial GC threshold: 21.00 MB
Current GC threshold: 50.31 MB
CDS: on
 - commit_granule_bytes: 65536.
 - commit_granule_words: 8192.
 - virtual_space_node_default_size: 8388608.
 - enlarge_chunks_in_place: 1.
UseCompressedClassPointers 1, UseCompactObjectHeaders 0
Narrow klass pointer bits 32, Max shift 3
Narrow klass base: 0x000000001c000000, Narrow klass shift: 0
Encoding Range: [0x000000001c000000 - 0x000000011c000000), (4294967296 bytes)
Klass Range:    [0x000000001c010000 - 0x000000005d000000), (1090453504 bytes)
Klass ID Range:  [65536 - 1090519033) (1090453497)
Protection zone: [0x000000001c000000 - 0x000000001c010000), (65536 bytes)


Internal statistics:

num_allocs_failed_limit: 3.
num_arena_births: 666.
num_arena_deaths: 118.
num_vsnodes_births: 2.
num_vsnodes_deaths: 0.
num_space_committed: 484.
num_space_uncommitted: 0.
num_chunks_returned_to_freelist: 125.
num_chunks_taken_from_freelist: 1051.
num_chunk_merges: 19.
num_chunk_splits: 653.
num_chunks_enlarged: 407.
num_inconsistent_stats: 0.

CodeHeap 'non-profiled nmethods': size=119232Kb used=4952Kb max_used=5861Kb free=114279Kb
 bounds [0x00000198105c0000, 0x0000019810b80000, 0x0000019817a30000]
CodeHeap 'profiled nmethods': size=119104Kb used=12159Kb max_used=14519Kb free=106945Kb
 bounds [0x0000019808a30000, 0x0000019809860000, 0x000001980fe80000]
CodeHeap 'non-nmethods': size=7424Kb used=1858Kb max_used=3704Kb free=5565Kb
 bounds [0x000001980fe80000, 0x0000019810230000, 0x00000198105c0000]
CodeCache: size=245760Kb, used=18969Kb, max_used=24084Kb, free=226789Kb
 total_blobs=8931, nmethods=7949, adapters=867, full_count=0
Compilation: enabled, stopped_count=0, restarted_count=0

Compilation events (20 events):
Event: 734680.395 Thread 0x000001981f49efd0 nmethod 9942 0x00000198091a3388 code [0x00000198091a3480, 0x00000198091a3ec0]
Event: 734680.395 Thread 0x000001981f49efd0 9943       3       sun.awt.windows.WDesktopProperties$WinPlaySound::<init> (20 bytes)
Event: 734680.397 Thread 0x000001981f49efd0 nmethod 9943 0x0000019808d63e08 code [0x0000019808d63f00, 0x0000019808d64288]
Event: 734680.821 Thread 0x000001981f489da0 nmethod 9941 0x0000019810943708 code [0x0000019810943800, 0x00000198109460d8]
Event: 734711.859 Thread 0x000001981f49efd0 9944  s    3       sun.awt.windows.WDesktopProperties::setFontProperty (156 bytes)
Event: 734711.979 Thread 0x000001981f489da0 9945       4       java.awt.Font::<init> (56 bytes)
Event: 734712.570 Thread 0x000001981f49efd0 nmethod 9944 0x0000019808dd5c88 code [0x0000019808dd5d80, 0x0000019808dd8630]
Event: 734712.570 Thread 0x000001981f49efd0 9946   !   3       sun.awt.windows.WDesktopProperties$WinPlaySound::equals (25 bytes)
Event: 734712.581 Thread 0x000001981f49efd0 nmethod 9946 0x0000019809299008 code [0x0000019809299100, 0x0000019809299438]
Event: 734712.581 Thread 0x000001981f49efd0 9948  s    3       sun.awt.windows.WDesktopProperties::setBooleanProperty (57 bytes)
Event: 734712.654 Thread 0x000001981f49efd0 nmethod 9948 0x0000019809298688 code [0x0000019809298780, 0x0000019809298ef0]
Event: 734712.686 Thread 0x000001981f489da0 nmethod 9945 0x000001981062bc08 code [0x000001981062bd00, 0x000001981062bf30]
Event: 734712.686 Thread 0x000001981f489da0 9947       4       java.util.HashMap$EntryIterator::next (5 bytes)
Event: 734712.773 Thread 0x000001981f489da0 nmethod 9947 0x000001981062b508 code [0x000001981062b600, 0x000001981062bbf8]
Event: 735935.247 Thread 0x000001981f489da0 9949       4       javax.swing.SwingUtilities::getUIInputMap (32 bytes)
Event: 735935.281 Thread 0x000001981f489da0 nmethod 9949 0x000001981062b208 code [0x000001981062b300, 0x000001981062b440]
Event: 735972.746 Thread 0x000001981f489da0 9950       4       sun.java2d.marlin.Stroker::curveTo (187 bytes)
Event: 735972.848 Thread 0x000001981f489da0 nmethod 9950 0x000001981062aa88 code [0x000001981062ab80, 0x000001981062b1c0]
Event: 735973.202 Thread 0x000001981f489da0 9951   !   4       javax.swing.CellRendererPane::paintComponent (178 bytes)
Event: 735973.251 Thread 0x000001981f489da0 nmethod 9951 0x0000019810629e08 code [0x0000019810629f00, 0x000001981062aa78]

GC Heap Usage History (20 events):
Event: 22.759 {heap Before GC invocations=5 (full 0):
 garbage-first heap   total reserved 4100096K, committed 131072K, used 129176K [0x0000000705c00000, 0x0000000800000000)
  region size 2048K, 50 young (102400K), 5 survivors (10240K)
}
Event: 22.765 {heap After GC invocations=6 (full 0):
 garbage-first heap   total reserved 4100096K, committed 143360K, used 39124K [0x0000000705c00000, 0x0000000800000000)
  region size 2048K, 6 young (12288K), 6 survivors (12288K)
}
Event: 3992.577 {heap Before GC invocations=6 (full 0):
 garbage-first heap   total reserved 4100096K, committed 143360K, used 112852K [0x0000000705c00000, 0x0000000800000000)
  region size 2048K, 42 young (86016K), 6 survivors (12288K)
}
Event: 3992.692 {heap After GC invocations=7 (full 0):
 garbage-first heap   total reserved 4100096K, committed 143360K, used 22041K [0x0000000705c00000, 0x0000000800000000)
  region size 2048K, 4 young (8192K), 4 survivors (8192K)
}
Event: 6464.955 {heap Before GC invocations=7 (full 0):
 garbage-first heap   total reserved 4100096K, committed 143360K, used 124441K [0x0000000705c00000, 0x0000000800000000)
  region size 2048K, 33 young (67584K), 4 survivors (8192K)
}
Event: 6464.996 {heap After GC invocations=8 (full 0):
 garbage-first heap   total reserved 4100096K, committed 143360K, used 70462K [0x0000000705c00000, 0x0000000800000000)
  region size 2048K, 4 young (8192K), 4 survivors (8192K)
}
Event: 6465.048 {heap Before GC invocations=8 (full 0):
 garbage-first heap   total reserved 4100096K, committed 143360K, used 78654K [0x0000000705c00000, 0x0000000800000000)
  region size 2048K, 7 young (14336K), 4 survivors (8192K)
}
Event: 6465.055 {heap After GC invocations=9 (full 0):
 garbage-first heap   total reserved 4100096K, committed 143360K, used 73829K [0x0000000705c00000, 0x0000000800000000)
  region size 2048K, 2 young (4096K), 2 survivors (4096K)
}
Event: 6465.850 {heap Before GC invocations=10 (full 0):
 garbage-first heap   total reserved 4100096K, committed 143360K, used 141413K [0x0000000705c00000, 0x0000000800000000)
  region size 2048K, 19 young (38912K), 2 survivors (4096K)
}
Event: 6465.881 {heap After GC invocations=11 (full 0):
 garbage-first heap   total reserved 4100096K, committed 149504K, used 107786K [0x0000000705c00000, 0x0000000800000000)
  region size 2048K, 3 young (6144K), 3 survivors (6144K)
}
Event: 6466.228 {heap Before GC invocations=11 (full 0):
 garbage-first heap   total reserved 4100096K, committed 153600K, used 150794K [0x0000000705c00000, 0x0000000800000000)
  region size 2048K, 13 young (26624K), 3 survivors (6144K)
}
Event: 6466.234 {heap After GC invocations=12 (full 0):
 garbage-first heap   total reserved 4100096K, committed 161792K, used 130960K [0x0000000705c00000, 0x0000000800000000)
  region size 2048K, 2 young (4096K), 2 survivors (4096K)
}
Event: 6466.275 {heap Before GC invocations=12 (full 0):
 garbage-first heap   total reserved 4100096K, committed 161792K, used 133008K [0x0000000705c00000, 0x0000000800000000)
  region size 2048K, 4 young (8192K), 2 survivors (4096K)
}
Event: 6466.284 {heap After GC invocations=13 (full 0):
 garbage-first heap   total reserved 4100096K, committed 161792K, used 137990K [0x0000000705c00000, 0x0000000800000000)
  region size 2048K, 2 young (4096K), 2 survivors (4096K)
}
Event: 6466.520 {heap Before GC invocations=14 (full 0):
 garbage-first heap   total reserved 4100096K, committed 239616K, used 166662K [0x0000000705c00000, 0x0000000800000000)
  region size 2048K, 8 young (16384K), 2 survivors (4096K)
}
Event: 6466.523 {heap After GC invocations=15 (full 0):
 garbage-first heap   total reserved 4100096K, committed 239616K, used 158354K [0x0000000705c00000, 0x0000000800000000)
  region size 2048K, 1 young (2048K), 1 survivors (2048K)
}
Event: 6787.681 {heap Before GC invocations=15 (full 0):
 garbage-first heap   total reserved 4100096K, committed 239616K, used 236178K [0x0000000705c00000, 0x0000000800000000)
  region size 2048K, 26 young (53248K), 1 survivors (2048K)
}
Event: 6787.696 {heap After GC invocations=16 (full 0):
 garbage-first heap   total reserved 4100096K, committed 245760K, used 179505K [0x0000000705c00000, 0x0000000800000000)
  region size 2048K, 2 young (4096K), 2 survivors (4096K)
}
Event: 6815.121 {heap Before GC invocations=16 (full 0):
 garbage-first heap   total reserved 4100096K, committed 245760K, used 224561K [0x0000000705c00000, 0x0000000800000000)
  region size 2048K, 24 young (49152K), 2 survivors (4096K)
}
Event: 6815.125 {heap After GC invocations=17 (full 0):
 garbage-first heap   total reserved 4100096K, committed 245760K, used 173572K [0x0000000705c00000, 0x0000000800000000)
  region size 2048K, 3 young (6144K), 3 survivors (6144K)
}

Metaspace Usage History (20 events):
Event: 22.759 {metaspace Before GC invocations=5 (full 0):
 Metaspace       used 28409K, committed 28928K, reserved 1114112K
  class space    used 3105K, committed 3328K, reserved 1048576K
}
Event: 22.765 {metaspace After GC invocations=6 (full 0):
 Metaspace       used 28409K, committed 28928K, reserved 1114112K
  class space    used 3105K, committed 3328K, reserved 1048576K
}
Event: 3992.578 {metaspace Before GC invocations=6 (full 0):
 Metaspace       used 29725K, committed 30208K, reserved 1114112K
  class space    used 3338K, committed 3520K, reserved 1048576K
}
Event: 3992.692 {metaspace After GC invocations=7 (full 0):
 Metaspace       used 29725K, committed 30208K, reserved 1114112K
  class space    used 3338K, committed 3520K, reserved 1048576K
}
Event: 6464.955 {metaspace Before GC invocations=7 (full 0):
 Metaspace       used 29773K, committed 30272K, reserved 1114112K
  class space    used 3341K, committed 3520K, reserved 1048576K
}
Event: 6464.996 {metaspace After GC invocations=8 (full 0):
 Metaspace       used 29773K, committed 30272K, reserved 1114112K
  class space    used 3341K, committed 3520K, reserved 1048576K
}
Event: 6465.048 {metaspace Before GC invocations=8 (full 0):
 Metaspace       used 29773K, committed 30272K, reserved 1114112K
  class space    used 3341K, committed 3520K, reserved 1048576K
}
Event: 6465.055 {metaspace After GC invocations=9 (full 0):
 Metaspace       used 29773K, committed 30272K, reserved 1114112K
  class space    used 3341K, committed 3520K, reserved 1048576K
}
Event: 6465.850 {metaspace Before GC invocations=10 (full 0):
 Metaspace       used 29753K, committed 30272K, reserved 1114112K
  class space    used 3335K, committed 3520K, reserved 1048576K
}
Event: 6465.881 {metaspace After GC invocations=11 (full 0):
 Metaspace       used 29753K, committed 30272K, reserved 1114112K
  class space    used 3335K, committed 3520K, reserved 1048576K
}
Event: 6466.228 {metaspace Before GC invocations=11 (full 0):
 Metaspace       used 29753K, committed 30272K, reserved 1114112K
  class space    used 3335K, committed 3520K, reserved 1048576K
}
Event: 6466.234 {metaspace After GC invocations=12 (full 0):
 Metaspace       used 29753K, committed 30272K, reserved 1114112K
  class space    used 3335K, committed 3520K, reserved 1048576K
}
Event: 6466.275 {metaspace Before GC invocations=12 (full 0):
 Metaspace       used 29753K, committed 30272K, reserved 1114112K
  class space    used 3335K, committed 3520K, reserved 1048576K
}
Event: 6466.284 {metaspace After GC invocations=13 (full 0):
 Metaspace       used 29753K, committed 30272K, reserved 1114112K
  class space    used 3335K, committed 3520K, reserved 1048576K
}
Event: 6466.520 {metaspace Before GC invocations=14 (full 0):
 Metaspace       used 29672K, committed 30272K, reserved 1114112K
  class space    used 3311K, committed 3520K, reserved 1048576K
}
Event: 6466.523 {metaspace After GC invocations=15 (full 0):
 Metaspace       used 29672K, committed 30272K, reserved 1114112K
  class space    used 3311K, committed 3520K, reserved 1048576K
}
Event: 6787.681 {metaspace Before GC invocations=15 (full 0):
 Metaspace       used 30260K, committed 30784K, reserved 1114112K
  class space    used 3383K, committed 3648K, reserved 1048576K
}
Event: 6787.696 {metaspace After GC invocations=16 (full 0):
 Metaspace       used 30260K, committed 30784K, reserved 1114112K
  class space    used 3383K, committed 3648K, reserved 1048576K
}
Event: 6815.121 {metaspace Before GC invocations=16 (full 0):
 Metaspace       used 30437K, committed 30912K, reserved 1114112K
  class space    used 3383K, committed 3648K, reserved 1048576K
}
Event: 6815.125 {metaspace After GC invocations=17 (full 0):
 Metaspace       used 30437K, committed 30912K, reserved 1114112K
  class space    used 3383K, committed 3648K, reserved 1048576K
}

Dll operation events (14 events):
Event: 0.011 Loaded shared library C:\Program Files\Eclipse Adoptium\jdk-25.0.2.10-hotspot\bin\java.dll
Event: 0.060 Loaded shared library C:\Program Files\Eclipse Adoptium\jdk-25.0.2.10-hotspot\bin\jimage.dll
Event: 0.063 Loaded shared library C:\Program Files\Eclipse Adoptium\jdk-25.0.2.10-hotspot\bin\net.dll
Event: 0.065 Loaded shared library C:\Program Files\Eclipse Adoptium\jdk-25.0.2.10-hotspot\bin\nio.dll
Event: 0.070 Loaded shared library C:\Program Files\Eclipse Adoptium\jdk-25.0.2.10-hotspot\bin\zip.dll
Event: 0.090 Loaded shared library C:\Program Files\Eclipse Adoptium\jdk-25.0.2.10-hotspot\bin\awt.dll
Event: 0.353 Loaded shared library C:\Program Files\Eclipse Adoptium\jdk-25.0.2.10-hotspot\bin\extnet.dll
Event: 0.495 Loaded shared library C:\Program Files\Eclipse Adoptium\jdk-25.0.2.10-hotspot\bin\sunmscapi.dll
Event: 0.965 Loaded shared library C:\Program Files\Eclipse Adoptium\jdk-25.0.2.10-hotspot\bin\freetype.dll
Event: 0.967 Loaded shared library C:\Program Files\Eclipse Adoptium\jdk-25.0.2.10-hotspot\bin\fontmanager.dll
Event: 9.840 Loaded shared library C:\Windows\System32\ucrtbase.dll
Event: 9.842 Loaded shared library C:\Program Files\Eclipse Adoptium\jdk-25.0.2.10-hotspot\bin\syslookup.dll
Event: 6464.233 Loaded shared library C:\Program Files\Eclipse Adoptium\jdk-25.0.2.10-hotspot\bin\javajpeg.dll
Event: 6468.508 Loaded shared library C:\Program Files\Eclipse Adoptium\jdk-25.0.2.10-hotspot\bin\mlib_image.dll

Deoptimization events (20 events):
Event: 6818.173 Thread 0x00000198244cc310 DEOPT PACKING pc=0x000001981071e450 sp=0x00000048de4fe640
Event: 6818.173 Thread 0x00000198244cc310 DEOPT UNPACKING pc=0x000001980ff9fc02 sp=0x00000048de4fe5d0 mode 2
Event: 6818.277 Thread 0x0000019825d0bbf0 Uncommon trap: trap_request=0xffffffbe fr.pc=0x00000198107271ec relative=0x0000000000003e6c
Event: 6818.277 Thread 0x0000019825d0bbf0 Uncommon trap: reason=profile_predicate action=maybe_recompile pc=0x00000198107271ec method=sun.awt.image.PNGImageDecoder.produceImage()V @ 966 c2
Event: 6818.277 Thread 0x0000019825d0bbf0 DEOPT PACKING pc=0x00000198107271ec sp=0x00000048de0ff610
Event: 6818.277 Thread 0x0000019825d0bbf0 DEOPT UNPACKING pc=0x000001980ff9fc02 sp=0x00000048de0ff580 mode 2
Event: 6818.444 Thread 0x00000198244cc310 Uncommon trap: trap_request=0xffffffdc fr.pc=0x0000019810b7784c relative=0x00000000000002cc
Event: 6818.444 Thread 0x00000198244cc310 Uncommon trap: reason=class_check action=make_not_entrant pc=0x0000019810b7784c method=java.util.ArrayList.toArray([Ljava/lang/Object;)[Ljava/lang/Object; @ 21 c2
Event: 6818.444 Thread 0x00000198244cc310 DEOPT PACKING pc=0x0000019810b7784c sp=0x00000048de4fdfb0
Event: 6818.444 Thread 0x00000198244cc310 DEOPT UNPACKING pc=0x000001980ff9fc02 sp=0x00000048de4fdf60 mode 2
Event: 6818.529 Thread 0x00000198244cc310 Uncommon trap: trap_request=0xffffffcc fr.pc=0x0000019810b77188 relative=0x0000000000000488
Event: 6818.529 Thread 0x00000198244cc310 Uncommon trap: reason=intrinsic_or_type_checked_inlining action=make_not_entrant pc=0x0000019810b77188 method=java.util.ArrayList.toArray([Ljava/lang/Object;)[Ljava/lang/Object; @ 36 c2
Event: 6818.529 Thread 0x00000198244cc310 DEOPT PACKING pc=0x0000019810b77188 sp=0x00000048de4fce70
Event: 6818.529 Thread 0x00000198244cc310 DEOPT UNPACKING pc=0x000001980ff9fc02 sp=0x00000048de4fce40 mode 2
Event: 10391.793 Thread 0x0000019824944820 Uncommon trap: trap_request=0xffffff45 fr.pc=0x0000019810b32018 relative=0x0000000000000a98
Event: 10391.797 Thread 0x0000019824944820 Uncommon trap: reason=unstable_if action=reinterpret pc=0x0000019810b32018 method=java.util.concurrent.locks.AbstractQueuedSynchronizer$ConditionObject.canReacquire(Ljava/util/concurrent/locks/AbstractQueuedSynchronizer$ConditionNode;)Z @ 18 c2
Event: 10391.799 Thread 0x0000019824944820 DEOPT PACKING pc=0x0000019810b32018 sp=0x00000048deaff110
Event: 10391.801 Thread 0x0000019824944820 DEOPT UNPACKING pc=0x000001980ff9fc02 sp=0x00000048deaff020 mode 2
Event: 10943.241 Thread 0x0000019824944820 DEOPT PACKING pc=0x00000198091b3add sp=0x00000048deaff240
Event: 10943.241 Thread 0x0000019824944820 DEOPT UNPACKING pc=0x000001980fed1702 sp=0x00000048deafe810 mode 0

Classes loaded (20 events):
Event: 6468.597 Loading class java/awt/GraphicsDevice$WindowTranslucency
Event: 6468.597 Loading class java/awt/GraphicsDevice$WindowTranslucency done
Event: 6468.617 Loading class java/util/stream/ReduceOps$6
Event: 6468.617 Loading class java/util/stream/ReduceOps$6 done
Event: 6468.617 Loading class java/util/stream/ReduceOps$5ReducingSink
Event: 6468.617 Loading class java/util/stream/ReduceOps$5ReducingSink done
Event: 6468.669 Loading class javax/swing/text/WhitespaceBasedBreakIterator
Event: 6468.669 Loading class javax/swing/text/WhitespaceBasedBreakIterator done
Event: 6468.939 Loading class sun/awt/geom/Curve
Event: 6468.940 Loading class sun/awt/geom/Curve done
Event: 6526.296 Loading class java/time/format/DateTimeParseContext
Event: 6526.296 Loading class java/time/format/DateTimeParseContext done
Event: 6526.296 Loading class java/time/format/Parsed
Event: 6526.297 Loading class java/time/format/Parsed done
Event: 6526.322 Loading class java/text/DigitList$1
Event: 6526.323 Loading class java/text/DigitList$1 done
Event: 11485.687 Loading class java/awt/desktop/SystemSleepListener
Event: 11485.696 Loading class java/awt/desktop/SystemEventListener
Event: 11485.700 Loading class java/awt/desktop/SystemEventListener done
Event: 11485.701 Loading class java/awt/desktop/SystemSleepListener done

Classes unloaded (20 events):
Event: 6466.294 Thread 0x000001981f464fa0 Unloading class 0x000000001d29b400 'java/lang/invoke/LambdaForm$BMH+0x000000001d29b400'
Event: 6466.294 Thread 0x000001981f464fa0 Unloading class 0x000000001d299c00 'java/lang/invoke/LambdaForm$DMH+0x000000001d299c00'
Event: 6466.294 Thread 0x000001981f464fa0 Unloading class 0x000000001d299400 'java/lang/invoke/LambdaForm$MH+0x000000001d299400'
Event: 6466.294 Thread 0x000001981f464fa0 Unloading class 0x000000001d299000 'java/lang/invoke/LambdaForm$MH+0x000000001d299000'
Event: 6466.294 Thread 0x000001981f464fa0 Unloading class 0x000000001d298c00 'java/lang/invoke/LambdaForm$MH+0x000000001d298c00'
Event: 6466.294 Thread 0x000001981f464fa0 Unloading class 0x000000001d298800 'java/lang/invoke/LambdaForm$BMH+0x000000001d298800'
Event: 6466.294 Thread 0x000001981f464fa0 Unloading class 0x000000001d298000 'java/lang/invoke/LambdaForm$DMH+0x000000001d298000'
Event: 6466.294 Thread 0x000001981f464fa0 Unloading class 0x000000001d296c00 'java/lang/invoke/LambdaForm$MH+0x000000001d296c00'
Event: 6466.294 Thread 0x000001981f464fa0 Unloading class 0x000000001d296800 'java/lang/invoke/LambdaForm$MH+0x000000001d296800'
Event: 6466.294 Thread 0x000001981f464fa0 Unloading class 0x000000001d296400 'java/lang/invoke/LambdaForm$MH+0x000000001d296400'
Event: 6466.294 Thread 0x000001981f464fa0 Unloading class 0x000000001d294c00 'java/lang/invoke/LambdaForm$MH+0x000000001d294c00'
Event: 6466.294 Thread 0x000001981f464fa0 Unloading class 0x000000001d294800 'java/lang/invoke/LambdaForm$MH+0x000000001d294800'
Event: 6466.294 Thread 0x000001981f464fa0 Unloading class 0x000000001d294400 'java/lang/invoke/LambdaForm$MH+0x000000001d294400'
Event: 6466.294 Thread 0x000001981f464fa0 Unloading class 0x000000001d293800 'java/lang/invoke/LambdaForm$MH+0x000000001d293800'
Event: 6466.294 Thread 0x000001981f464fa0 Unloading class 0x000000001d293400 'java/lang/invoke/LambdaForm$MH+0x000000001d293400'
Event: 6466.294 Thread 0x000001981f464fa0 Unloading class 0x000000001d293000 'java/lang/invoke/LambdaForm$MH+0x000000001d293000'
Event: 6466.294 Thread 0x000001981f464fa0 Unloading class 0x000000001d292800 'java/lang/invoke/LambdaForm$DMH+0x000000001d292800'
Event: 6466.294 Thread 0x000001981f464fa0 Unloading class 0x000000001d28a400 'java/lang/invoke/LambdaForm$DMH+0x000000001d28a400'
Event: 6466.294 Thread 0x000001981f464fa0 Unloading class 0x000000001d28a000 'java/lang/invoke/LambdaForm$DMH+0x000000001d28a000'
Event: 6815.140 Thread 0x000001981f464fa0 Unloading class 0x000000001d29a000 'java/lang/invoke/LambdaForm$DMH+0x000000001d29a000'

Classes redefined (0 events):
No events

Internal exceptions (20 events):
Event: 6463.586 Thread 0x00000198244cc310 Exception <a 'java/io/FileNotFoundException'{0x000000070cf50500}> (0x000000070cf50500) 
thrown [s\src\hotspot\share\prims\jni.cpp, line 516]
Event: 6463.586 Thread 0x00000198244cc310 Exception <a 'java/io/FileNotFoundException'{0x000000070cf51738}> (0x000000070cf51738) 
thrown [s\src\hotspot\share\prims\jni.cpp, line 516]
Event: 6464.782 Thread 0x0000019825d0a480 Implicit null exception at 0x00000198107eac8c to 0x00000198107ec424
Event: 6466.677 Thread 0x00000198244cc310 Implicit null exception at 0x000001981096634f to 0x00000198109663ec
Event: 6466.694 Thread 0x00000198244cc310 Implicit null exception at 0x00000198109ef4bc to 0x00000198109efc80
Event: 6468.596 Thread 0x00000198244cc310 Implicit null exception at 0x000001981096a55c to 0x000001981096a7bc
Event: 6468.596 Thread 0x00000198244cc310 Implicit null exception at 0x0000019810a78f4b to 0x0000019810a7d170
Event: 6468.658 Thread 0x00000198244cc310 Implicit null exception at 0x0000019810a9894e to 0x0000019810a99f74
Event: 6468.687 Thread 0x00000198244cc310 Implicit null exception at 0x0000019810a9b81a to 0x0000019810a9b98c
Event: 6468.732 Thread 0x00000198244cc310 Exception <a 'java/lang/NoSuchMethodError'{0x00000007130431d8}: 'int java.lang.invoke.DelegatingMethodHandle$Holder.reinvoke_L(java.lang.Object, java.lang.Object, int, java.lang.Object)'> (0x00000007130431d8) 
thrown [s\src\hotspot\share\interpreter\linkResolver.cpp, line 804]
Event: 6468.734 Thread 0x00000198244cc310 Exception <a 'java/lang/NoSuchMethodError'{0x000000071305d8b0}: 'int java.lang.invoke.DelegatingMethodHandle$Holder.reinvoke_L(java.lang.Object, java.lang.Object, int, long)'> (0x000000071305d8b0) 
thrown [s\src\hotspot\share\interpreter\linkResolver.cpp, line 804]
Event: 6468.742 Thread 0x00000198244cc310 Exception <a 'java/lang/NoSuchMethodError'{0x0000000713084498}: 'int java.lang.invoke.Invokers$Holder.invokeExact_MT(java.lang.Object, java.lang.Object, java.lang.Object, int, int, java.lang.Object, java.lang.Object, java.lang.Object)'> (0x0000000713084498) 
thrown [s\src\hotspot\share\interpreter\linkResolver.cpp, line 804]
Event: 6468.743 Thread 0x00000198244cc310 Exception <a 'java/lang/NoSuchMethodError'{0x000000071308d350}: 'int java.lang.invoke.DirectMethodHandle$Holder.invokeStatic(java.lang.Object, java.lang.Object, java.lang.Object, int, int, java.lang.Object, java.lang.Object)'> (0x000000071308d350) 
thrown [s\src\hotspot\share\interpreter\linkResolver.cpp, line 804]
Event: 6468.764 Thread 0x00000198244cc310 Implicit null exception at 0x00000198109b5db8 to 0x00000198109b8844
Event: 6525.908 Thread 0x00000198248635b0 Exception <a 'java/io/FileNotFoundException'{0x0000000712cb5350}> (0x0000000712cb5350) 
thrown [s\src\hotspot\share\prims\jni.cpp, line 516]
Event: 6525.909 Thread 0x00000198248635b0 Exception <a 'java/io/FileNotFoundException'{0x0000000712cb62a0}> (0x0000000712cb62a0) 
thrown [s\src\hotspot\share\prims\jni.cpp, line 516]
Event: 6525.909 Thread 0x00000198248635b0 Exception <a 'java/io/FileNotFoundException'{0x0000000712cb71f0}> (0x0000000712cb71f0) 
thrown [s\src\hotspot\share\prims\jni.cpp, line 516]
Event: 6525.909 Thread 0x00000198248635b0 Exception <a 'java/io/FileNotFoundException'{0x0000000712cb8178}> (0x0000000712cb8178) 
thrown [s\src\hotspot\share\prims\jni.cpp, line 516]
Event: 6811.232 Thread 0x00000198244cc310 Exception <a 'java/io/FileNotFoundException'{0x0000000711b8a8b0}> (0x0000000711b8a8b0) 
thrown [s\src\hotspot\share\prims\jni.cpp, line 516]
Event: 6811.232 Thread 0x00000198244cc310 Exception <a 'java/io/FileNotFoundException'{0x0000000711b8bab0}> (0x0000000711b8bab0) 
thrown [s\src\hotspot\share\prims\jni.cpp, line 516]

VM Operations (20 events):
Event: 9388.727 Executing non-safepoint VM operation: HandshakeAllThreads (HandshakeForDeflation)
Event: 9388.727 Executing non-safepoint VM operation: HandshakeAllThreads (HandshakeForDeflation) done
Event: 9388.728 Executing non-safepoint VM operation: RendezvousGCThreads
Event: 9388.728 Executing non-safepoint VM operation: RendezvousGCThreads done
Event: 10008.133 Executing non-safepoint VM operation: HandshakeAllThreads (HandshakeForDeflation)
Event: 10008.133 Executing non-safepoint VM operation: HandshakeAllThreads (HandshakeForDeflation) done
Event: 10008.133 Executing non-safepoint VM operation: RendezvousGCThreads
Event: 10008.133 Executing non-safepoint VM operation: RendezvousGCThreads done
Event: 734671.901 Executing non-safepoint VM operation: HandshakeAllThreads (HandshakeForDeflation)
Event: 734671.902 Executing non-safepoint VM operation: HandshakeAllThreads (HandshakeForDeflation) done
Event: 734671.902 Executing non-safepoint VM operation: RendezvousGCThreads
Event: 734671.902 Executing non-safepoint VM operation: RendezvousGCThreads done
Event: 735930.706 Executing non-safepoint VM operation: HandshakeAllThreads (HandshakeForDeflation)
Event: 735930.748 Executing non-safepoint VM operation: HandshakeAllThreads (HandshakeForDeflation) done
Event: 735930.753 Executing non-safepoint VM operation: RendezvousGCThreads
Event: 735930.763 Executing non-safepoint VM operation: RendezvousGCThreads done
Event: 735990.814 Executing non-safepoint VM operation: HandshakeAllThreads (HandshakeForDeflation)
Event: 735990.815 Executing non-safepoint VM operation: HandshakeAllThreads (HandshakeForDeflation) done
Event: 735990.815 Executing non-safepoint VM operation: RendezvousGCThreads
Event: 735990.815 Executing non-safepoint VM operation: RendezvousGCThreads done

Memory protections (0 events):
No events

Nmethod flushes (20 events):
Event: 6466.328 Thread 0x000001981f464fa0 flushing  nmethod 0x00000198095abc08
Event: 6466.328 Thread 0x000001981f464fa0 flushing  nmethod 0x00000198095abf08
Event: 6466.328 Thread 0x000001981f464fa0 flushing  nmethod 0x00000198095ac708
Event: 6466.328 Thread 0x000001981f464fa0 flushing  nmethod 0x00000198095aca08
Event: 6466.328 Thread 0x000001981f464fa0 flushing  nmethod 0x00000198095ad308
Event: 6466.328 Thread 0x000001981f464fa0 flushing  nmethod 0x00000198097b3d08
Event: 6466.328 Thread 0x000001981f464fa0 flushing  nmethod 0x00000198097b4f88
Event: 6466.328 Thread 0x000001981f464fa0 flushing  nmethod 0x00000198097b5408
Event: 6466.328 Thread 0x000001981f464fa0 flushing  nmethod 0x00000198097b5a88
Event: 6815.152 Thread 0x000001981f464fa0 flushing osr nmethod 0x0000019810b6a188
Event: 6815.152 Thread 0x000001981f464fa0 flushing  nmethod 0x0000019810b73c88
Event: 6815.152 Thread 0x000001981f464fa0 flushing  nmethod 0x0000019809637d08
Event: 6815.152 Thread 0x000001981f464fa0 flushing  nmethod 0x0000019809856b88
Event: 6815.152 Thread 0x000001981f464fa0 flushing  nmethod 0x0000019809856e88
Event: 6815.152 Thread 0x000001981f464fa0 flushing  nmethod 0x000001980985c708
Event: 6815.152 Thread 0x000001981f464fa0 flushing  nmethod 0x0000019810783808
Event: 6815.152 Thread 0x000001981f464fa0 flushing  nmethod 0x0000019808ed4108
Event: 6815.152 Thread 0x000001981f464fa0 flushing  nmethod 0x00000198093b6e88
Event: 6815.152 Thread 0x000001981f464fa0 flushing  nmethod 0x0000019808e55d88
Event: 6815.152 Thread 0x000001981f464fa0 flushing  nmethod 0x0000019808e56f88

Events (20 events):
Event: 6798.324 Thread 0x000001981f49efd0 Thread added: 0x000001981fbf3c90
Event: 6798.324 Thread 0x000001981f49efd0 Thread added: 0x000001981fbf54c0
Event: 6798.324 Thread 0x000001981f49efd0 Thread added: 0x000001981fbf2c70
Event: 6798.339 Thread 0x000001981f489da0 Thread added: 0x000001981fbf7500
Event: 6798.971 Thread 0x000001981fbf7500 Thread exited: 0x000001981fbf7500
Event: 6798.972 Thread 0x000001981fbf2c70 Thread exited: 0x000001981fbf2c70
Event: 6801.708 Thread 0x000001981fbf54c0 Thread exited: 0x000001981fbf54c0
Event: 6803.275 Thread 0x000001981fbf3c90 Thread exited: 0x000001981fbf3c90
Event: 6811.329 Thread 0x000001981f489da0 Thread added: 0x000001981fbf2c70
Event: 6812.839 Thread 0x000001981fbf2c70 Thread exited: 0x000001981fbf2c70
Event: 6813.422 Thread 0x000001981f49efd0 Thread added: 0x000001981fbf2c70
Event: 6813.422 Thread 0x000001981f49efd0 Thread added: 0x000001981fbf54c0
Event: 6813.422 Thread 0x000001981f49efd0 Thread added: 0x000001981fbf7500
Event: 6816.380 Thread 0x000001981fbf7500 Thread exited: 0x000001981fbf7500
Event: 6816.435 Thread 0x000001981fbf54c0 Thread exited: 0x000001981fbf54c0
Event: 6816.696 Thread 0x000001981fbf2c70 Thread exited: 0x000001981fbf2c70
Event: 6818.276 Thread 0x00000198244cc310 Thread added: 0x0000019825d0bbf0
Event: 6818.640 Thread 0x000001981f489da0 Thread added: 0x000001981fbf3c90
Event: 6819.140 Thread 0x000001981fbf3c90 Thread exited: 0x000001981fbf3c90
Event: 6823.281 Thread 0x0000019825d0bbf0 Thread exited: 0x0000019825d0bbf0


Dynamic libraries:
0x00007ff725120000 - 0x00007ff72512e000 	C:\Program Files\Eclipse Adoptium\jdk-25.0.2.10-hotspot\bin\java.exe
0x00007ffdea8a0000 - 0x00007ffdeab07000 	C:\WINDOWS\SYSTEM32\ntdll.dll
0x00007ffde9440000 - 0x00007ffde9509000 	C:\WINDOWS\System32\KERNEL32.DLL
0x00007ffde7ee0000 - 0x00007ffde82d7000 	C:\WINDOWS\System32\KERNELBASE.dll
0x00007ffde7d90000 - 0x00007ffde7edb000 	C:\WINDOWS\System32\ucrtbase.dll
0x00007ffdcb660000 - 0x00007ffdcb67e000 	C:\Program Files\Eclipse Adoptium\jdk-25.0.2.10-hotspot\bin\VCRUNTIME140.dll
0x00007ffdcb570000 - 0x00007ffdcb586000 	C:\Program Files\Eclipse Adoptium\jdk-25.0.2.10-hotspot\bin\jli.dll
0x00007ffde86e0000 - 0x00007ffde88a6000 	C:\WINDOWS\System32\USER32.dll
0x00007ffde7d60000 - 0x00007ffde7d87000 	C:\WINDOWS\System32\win32u.dll
0x00007ffde9700000 - 0x00007ffde972b000 	C:\WINDOWS\System32\GDI32.dll
0x00007ffdc8d40000 - 0x00007ffdc8fd2000 	C:\WINDOWS\WinSxS\amd64_microsoft.windows.common-controls_6595b64144ccf1df_6.0.26100.8457_none_3e0b2faee331e92d\COMCTL32.dll
0x00007ffde84f0000 - 0x00007ffde861c000 	C:\WINDOWS\System32\gdi32full.dll
0x00007ffdea2f0000 - 0x00007ffdea399000 	C:\WINDOWS\System32\msvcrt.dll
0x00007ffde7380000 - 0x00007ffde7423000 	C:\WINDOWS\System32\msvcp_win.dll
0x00007ffdea3a0000 - 0x00007ffdea3d2000 	C:\WINDOWS\System32\IMM32.DLL
0x00007ffdd61a0000 - 0x00007ffdd61ac000 	C:\Program Files\Eclipse Adoptium\jdk-25.0.2.10-hotspot\bin\vcruntime140_1.dll
0x00007ffda69f0000 - 0x00007ffda6a7d000 	C:\Program Files\Eclipse Adoptium\jdk-25.0.2.10-hotspot\bin\msvcp140.dll
0x00007ffd202b0000 - 0x00007ffd211d6000 	C:\Program Files\Eclipse Adoptium\jdk-25.0.2.10-hotspot\bin\server\jvm.dll
0x00007ffde8620000 - 0x00007ffde86d6000 	C:\WINDOWS\System32\ADVAPI32.dll
0x00007ffde8a90000 - 0x00007ffde8b37000 	C:\WINDOWS\System32\sechost.dll
0x00007ffdea5b0000 - 0x00007ffdea6c8000 	C:\WINDOWS\System32\RPCRT4.dll
0x00007ffdea7d0000 - 0x00007ffdea850000 	C:\WINDOWS\System32\WS2_32.dll
0x00007ffde7130000 - 0x00007ffde718e000 	C:\WINDOWS\SYSTEM32\POWRPROF.dll
0x00007ffdc9d00000 - 0x00007ffdc9d0b000 	C:\WINDOWS\SYSTEM32\VERSION.dll
0x00007ffddc170000 - 0x00007ffddc1a6000 	C:\WINDOWS\SYSTEM32\WINMM.dll
0x00007ffde7110000 - 0x00007ffde7124000 	C:\WINDOWS\SYSTEM32\UMPDC.dll
0x00007ffde6060000 - 0x00007ffde607b000 	C:\WINDOWS\SYSTEM32\kernel.appcore.dll
0x00007ffdd5250000 - 0x00007ffdd525a000 	C:\Program Files\Eclipse Adoptium\jdk-25.0.2.10-hotspot\bin\jimage.dll
0x00007ffde5410000 - 0x00007ffde5652000 	C:\WINDOWS\SYSTEM32\DBGHELP.DLL
0x00007ffde9f50000 - 0x00007ffdea2d3000 	C:\WINDOWS\System32\combase.dll
0x00007ffde9590000 - 0x00007ffde9669000 	C:\WINDOWS\System32\OLEAUT32.dll
0x00007ffdc7750000 - 0x00007ffdc778b000 	C:\WINDOWS\SYSTEM32\dbgcore.DLL
0x00007ffde72d0000 - 0x00007ffde7378000 	C:\WINDOWS\System32\bcryptPrimitives.dll
0x00007ffdcb390000 - 0x00007ffdcb3ae000 	C:\Program Files\Eclipse Adoptium\jdk-25.0.2.10-hotspot\bin\java.dll
0x00007ffde8cb0000 - 0x00007ffde8e47000 	C:\WINDOWS\System32\ole32.dll
0x00007ffde9730000 - 0x00007ffde9e9e000 	C:\WINDOWS\System32\SHELL32.dll
0x00007ffde74f0000 - 0x00007ffde7d5c000 	C:\WINDOWS\System32\windows.storage.dll
0x00007ffdea4b0000 - 0x00007ffdea5a6000 	C:\WINDOWS\System32\SHCORE.dll
0x00007ffde93d0000 - 0x00007ffde9436000 	C:\WINDOWS\System32\shlwapi.dll
0x00007ffde71f0000 - 0x00007ffde7219000 	C:\WINDOWS\SYSTEM32\profapi.dll
0x00007ffdc3680000 - 0x00007ffdc3691000 	C:\Program Files\Eclipse Adoptium\jdk-25.0.2.10-hotspot\bin\net.dll
0x00007ffde65d0000 - 0x00007ffde663c000 	C:\WINDOWS\system32\mswsock.dll
0x00007ffdc3660000 - 0x00007ffdc3676000 	C:\Program Files\Eclipse Adoptium\jdk-25.0.2.10-hotspot\bin\nio.dll
0x00007ffdc3640000 - 0x00007ffdc3657000 	C:\Program Files\Eclipse Adoptium\jdk-25.0.2.10-hotspot\bin\zip.dll
0x00007ffd90d80000 - 0x00007ffd90f00000 	C:\Program Files\Eclipse Adoptium\jdk-25.0.2.10-hotspot\bin\awt.dll
0x00007ffde1e00000 - 0x00007ffde1ea0000 	C:\WINDOWS\SYSTEM32\apphelp.dll
0x00007ffde2050000 - 0x00007ffde20fa000 	C:\WINDOWS\system32\uxtheme.dll
0x00007ffde8b50000 - 0x00007ffde8cac000 	C:\WINDOWS\System32\MSCTF.dll
0x00007ffde24b0000 - 0x00007ffde24df000 	C:\WINDOWS\system32\DWMAPI.DLL
0x00007ffd90c60000 - 0x00007ffd90d6f000 	C:\WINDOWS\system32\opengl32.dll
0x00007ffdbe9b0000 - 0x00007ffdbe9dd000 	C:\WINDOWS\SYSTEM32\GLU32.dll
0x00007ffde2340000 - 0x00007ffde2385000 	C:\WINDOWS\SYSTEM32\dxcore.dll
0x00007ffdd4ba0000 - 0x00007ffdd4ba9000 	C:\Program Files\Eclipse Adoptium\jdk-25.0.2.10-hotspot\bin\extnet.dll
0x00007ffde5b60000 - 0x00007ffde5c92000 	C:\WINDOWS\SYSTEM32\DNSAPI.dll
0x00007ffde5a70000 - 0x00007ffde5aa2000 	C:\WINDOWS\SYSTEM32\IPHLPAPI.DLL
0x00007ffde8b40000 - 0x00007ffde8b4a000 	C:\WINDOWS\System32\NSI.dll
0x00007ffddbfd0000 - 0x00007ffddbfdb000 	C:\Windows\System32\rasadhlp.dll
0x00007ffdde1d0000 - 0x00007ffdde256000 	C:\WINDOWS\System32\fwpuclnt.dll
0x00007ffd92300000 - 0x00007ffd92318000 	C:\WINDOWS\system32\napinsp.dll
0x00007ffd922e0000 - 0x00007ffd922f3000 	C:\WINDOWS\System32\winrnr.dll
0x00007ffd927e0000 - 0x00007ffd92802000 	C:\WINDOWS\system32\nlansp_c.dll
0x00007ffdd5c90000 - 0x00007ffdd5ca6000 	C:\WINDOWS\system32\wshbth.dll
0x00007ffde68b0000 - 0x00007ffde68cb000 	C:\WINDOWS\SYSTEM32\CRYPTSP.dll
0x00007ffde5fc0000 - 0x00007ffde5ff9000 	C:\WINDOWS\system32\rsaenh.dll
0x00007ffde6680000 - 0x00007ffde66b3000 	C:\WINDOWS\SYSTEM32\USERENV.dll
0x00007ffde71c0000 - 0x00007ffde71ea000 	C:\WINDOWS\SYSTEM32\bcrypt.dll
0x00007ffde68d0000 - 0x00007ffde68dc000 	C:\WINDOWS\SYSTEM32\CRYPTBASE.dll
0x00007ffdcc8e0000 - 0x00007ffdcc8ee000 	C:\Program Files\Eclipse Adoptium\jdk-25.0.2.10-hotspot\bin\sunmscapi.dll
0x00007ffde8370000 - 0x00007ffde84e8000 	C:\WINDOWS\System32\CRYPT32.dll
0x00007ffde6ad0000 - 0x00007ffde6b00000 	C:\WINDOWS\SYSTEM32\ncrypt.dll
0x00007ffde6a80000 - 0x00007ffde6abf000 	C:\WINDOWS\SYSTEM32\NTASN1.dll
0x00007ffda6960000 - 0x00007ffda69e7000 	C:\Program Files\Eclipse Adoptium\jdk-25.0.2.10-hotspot\bin\freetype.dll
0x00007ffd90a60000 - 0x00007ffd90b4f000 	C:\Program Files\Eclipse Adoptium\jdk-25.0.2.10-hotspot\bin\fontmanager.dll
0x00007ffde92e0000 - 0x00007ffde938e000 	C:\WINDOWS\System32\clbcatq.dll
0x00007ffde0560000 - 0x00007ffde078d000 	C:\WINDOWS\SYSTEM32\WindowsCodecs.dll
0x00007ffdb6cb0000 - 0x00007ffdb6d0a000 	C:\WINDOWS\system32\dataexchange.dll
0x00007ffdd6970000 - 0x00007ffdd6bbe000 	C:\WINDOWS\system32\twinapi.appcore.dll
0x00007ffdccf90000 - 0x00007ffdcd0d6000 	C:\WINDOWS\SYSTEM32\textinputframework.dll
0x00007ffde19e0000 - 0x00007ffde1b07000 	C:\WINDOWS\SYSTEM32\CoreMessaging.dll
0x00007ffdde260000 - 0x00007ffdde542000 	C:\WINDOWS\SYSTEM32\CoreUIComponents.dll
0x00007ffdde840000 - 0x00007ffdde9aa000 	C:\WINDOWS\SYSTEM32\wintypes.dll
0x00007ffdcb560000 - 0x00007ffdcb569000 	C:\Program Files\Eclipse Adoptium\jdk-25.0.2.10-hotspot\bin\syslookup.dll
0x00007ffdbddc0000 - 0x00007ffdbddef000 	C:\Program Files\Eclipse Adoptium\jdk-25.0.2.10-hotspot\bin\javajpeg.dll
0x00007ffdb8110000 - 0x00007ffdb8191000 	C:\Program Files\Eclipse Adoptium\jdk-25.0.2.10-hotspot\bin\mlib_image.dll

JVMTI agents: none

dbghelp: loaded successfully - version: 4.0.5 - missing functions: none
symbol engine: initialized successfully - sym options: 0x614 - pdb path: .;C:\Program Files\Eclipse Adoptium\jdk-25.0.2.10-hotspot\bin;C:\WINDOWS\SYSTEM32;C:\WINDOWS\WinSxS\amd64_microsoft.windows.common-controls_6595b64144ccf1df_6.0.26100.8457_none_3e0b2faee331e92d;C:\Program Files\Eclipse Adoptium\jdk-25.0.2.10-hotspot\bin\server

VM Arguments:
jvm_args: -XX:+ShowCodeDetailsInExceptionMessages 
java_command: GUI.DangNhapUi
java_class_path (initial): C:\Users\ASUS\AppData\Roaming\Code\User\workspaceStorage\a7e2ee2a277086c4c02c594e83f09ae9\redhat.java\jdt_ws\QuanLySieuThiMini_e2aa0a7f\bin;d:\Code\QuanLySieuThiMini\javafx-sdk-26.0.1\lib\javafx.media.jar;d:\Code\QuanLySieuThiMini\javafx-sdk-26.0.1\lib\javafx.swing.jar;d:\Code\QuanLySieuThiMini\javafx-sdk-26.0.1\lib\jfx.incubator.richtext.jar;d:\Code\QuanLySieuThiMini\javafx-sdk-26.0.1\lib\javafx-swt.jar;d:\Code\QuanLySieuThiMini\javafx-sdk-26.0.1\lib\javafx.base.jar;d:\Code\QuanLySieuThiMini\javafx-sdk-26.0.1\lib\javafx.controls.jar;d:\Code\QuanLySieuThiMini\javafx-sdk-26.0.1\lib\jdk.jsobject.jar;d:\Code\QuanLySieuThiMini\javafx-sdk-26.0.1\lib\javafx.fxml.jar;d:\Code\QuanLySieuThiMini\javafx-sdk-26.0.1\lib\jfx.incubator.input.jar;d:\Code\QuanLySieuThiMini\mssql-jdbc-13.4.0.jre11.jar;d:\Code\QuanLySieuThiMini\javafx-sdk-26.0.1\lib\javafx.web.jar;d:\Code\QuanLySieuThiMini\gson-2.10.1.jar;d:\Code\QuanLySieuThiMini\javafx-sdk-26.0.1\lib\javafx.graphics.jar
Launcher Type: SUN_STANDARD

[Global flags]
     intx CICompilerCount                          = 12                                        {product} {ergonomic}
     uint ConcGCThreads                            = 3                                         {product} {ergonomic}
     uint G1ConcRefinementThreads                  = 13                                        {product} {ergonomic}
   size_t G1HeapRegionSize                         = 2097152                                   {product} {ergonomic}
   size_t InitialHeapSize                          = 264241152                                 {product} {ergonomic}
   size_t MarkStackSize                            = 4194304                                   {product} {ergonomic}
   size_t MarkStackSizeMax                         = 536870912                                 {product} {ergonomic}
   size_t MaxHeapSize                              = 4198498304                                {product} {ergonomic}
   size_t MaxNewSize                               = 2518679552                                {product} {ergonomic}
   size_t MinHeapDeltaBytes                        = 2097152                                   {product} {ergonomic}
   size_t MinHeapSize                              = 8388608                                   {product} {ergonomic}
    uintx NonNMethodCodeHeapSize                   = 7602176                                {pd product} {ergonomic}
    uintx NonProfiledCodeHeapSize                  = 122093568                              {pd product} {ergonomic}
    uintx ProfiledCodeHeapSize                     = 121962496                              {pd product} {ergonomic}
    uintx ReservedCodeCacheSize                    = 251658240                              {pd product} {ergonomic}
     bool SegmentedCodeCache                       = true                                      {product} {ergonomic}
     bool ShowCodeDetailsInExceptionMessages       = true                                   {manageable} {command line}
   size_t SoftMaxHeapSize                          = 4198498304                             {manageable} {ergonomic}
     bool UseCompressedOops                        = true                           {product lp64_product} {ergonomic}
     bool UseG1GC                                  = true                                      {product} {ergonomic}
     bool UseLargePagesIndividualAllocation        = false                                  {pd product} {ergonomic}

Logging:
Log output configuration:
 #0: stdout all=warning uptime,level,tags foldmultilines=false
 #1: stderr all=off uptime,level,tags foldmultilines=false

Release file:
IMPLEMENTOR="Eclipse Adoptium" 
IMPLEMENTOR_VERSION="Temurin-25.0.2+10" 
JAVA_RUNTIME_VERSION="25.0.2+10-LTS" 
JAVA_VERSION="25.0.2" 
JAVA_VERSION_DATE="2026-01-20" 
LIBC="default" 
MODULES="java.base java.compiler java.datatransfer java.xml java.prefs java.desktop java.instrument java.logging java.management java.security.sasl java.naming java.rmi java.management.rmi java.net.http java.scripting java.security.jgss java.transaction.xa java.sql java.sql.rowset java.xml.crypto java.se java.smartcardio jdk.accessibility jdk.internal.jvmstat jdk.attach jdk.charsets jdk.internal.opt jdk.zipfs jdk.compiler jdk.crypto.cryptoki jdk.crypto.ec jdk.crypto.mscapi jdk.dynalink jdk.internal.ed jdk.editpad jdk.internal.vm.ci jdk.graal.compiler jdk.graal.compiler.management jdk.hotspot.agent jdk.httpserver jdk.incubator.vector jdk.internal.le jdk.internal.md jdk.jartool jdk.javadoc jdk.jcmd jdk.management jdk.management.agent jdk.jconsole jdk.jdeps jdk.jdwp.agent jdk.jdi jdk.jfr jdk.jlink jdk.jpackage jdk.jshell jdk.jsobject jdk.jstatd jdk.localedata jdk.management.jfr jdk.naming.dns jdk.naming.rmi jdk.net jdk.nio.mapmode jdk.sctp jdk.security.auth jdk.security.jgss jdk.unsupported jdk.unsupported.desktop jdk.xml.dom" 
OS_ARCH="x86_64" 
OS_NAME="Windows" 
SOURCE=".:git:9e3c947043a4" 
BUILD_SOURCE="git:458965074606f027bd5afce2cfd5c1055dea0438"
BUILD_SOURCE_REPO="https://github.com/adoptium/temurin-build.git"
SOURCE_REPO="https://github.com/adoptium/jdk25u.git"
FULL_VERSION="25.0.2+10-LTS"
SEMANTIC_VERSION="25.0.2+10"
BUILD_INFO="OS: Windows Server 2022 Version: 10.0"
JVM_VARIANT="Hotspot"
JVM_VERSION="25.0.2+10-LTS"
IMAGE_TYPE="JDK"

Environment Variables:
JAVA_HOME=C:\Program Files\Eclipse Adoptium\jdk-25.0.2.10-hotspot\
PATH=c:\Users\ASUS\AppData\Roaming\Code\User\globalStorage\github.copilot-chat\debugCommand;c:\Users\ASUS\AppData\Roaming\Code\User\globalStorage\github.copilot-chat\copilotCli;D:\Microsoft VS Code;C:\Program Files\Eclipse Adoptium\jdk-25.0.2.10-hotspot\bin;C:\WINDOWS\system32;C:\WINDOWS;C:\WINDOWS\System32\Wbem;C:\WINDOWS\System32\WindowsPowerShell\v1.0\;C:\WINDOWS\System32\OpenSSH\;C:\Program Files (x86)\Microsoft SQL Server\170\Tools\Binn\;C:\Program Files\Microsoft SQL Server\170\Tools\Binn\;C:\Program Files\Microsoft SQL Server\Client SDK\ODBC\180\Tools\Binn\;C:\Program Files\Microsoft SQL Server\170\DTS\Binn\;C:\Program Files\Microsoft SQL Server\Client SDK\ODBC\170\Tools\Binn\;C:\Program Files\dotnet\;D:\GIT\Git\cmd;C:\Users\ASUS\AppData\Local\Microsoft\WindowsApps;D:\Microsoft VS Code\bin;C:\msys64\mingw64\bin;C:\msys64\ucrt64\bin;C:\Users\ASUS\AppData\Local\PowerToys\DSCModules\;C:\Users\ASUS\.dotnet\tools;c:\Users\ASUS\.vscode\extensions\vscjava.vscode-java-debug-0.59.0\bundled\scripts\noConfigScripts
USERNAME=ASUS
LANG=en_US.UTF-8
OS=Windows_NT
PROCESSOR_IDENTIFIER=Intel64 Family 6 Model 186 Stepping 2, GenuineIntel
TMP=C:\Users\ASUS\AppData\Local\Temp
TEMP=C:\Users\ASUS\AppData\Local\Temp




Compilation memory statistics disabled.

Periodic native trim disabled

---------------  S Y S T E M  ---------------

OS:
 Windows 11 , 64 bit Build 26100 (10.0.26100.8328)
OS uptime: 9 days 2:49 hours

CPU: total 16 (initial active 16) (8 cores per cpu, 2 threads per core) family 6 model 186 stepping 2 microcode 0x410e, cx8, cmov, fxsr, ht, mmx, 3dnowpref, sse, sse2, sse3, ssse3, sse4.1, sse4.2, popcnt, lzcnt, tsc, tscinvbit, avx, avx2, aes, erms, clmul, bmi1, bmi2, adx, sha, fma, vzeroupper, clflush, clflushopt, clwb, serialize, rdtscp, rdpid, fsrm, gfni, f16c, pku, cet_ibt, cet_ss
Processor Information for processor 0
  Max Mhz: 2600, Current Mhz: 2600, Mhz Limit: 2600
Processor Information for processor 1
  Max Mhz: 2600, Current Mhz: 2600, Mhz Limit: 2600
Processor Information for processor 2
  Max Mhz: 2600, Current Mhz: 2600, Mhz Limit: 2600
Processor Information for processor 3
  Max Mhz: 2600, Current Mhz: 2600, Mhz Limit: 2600
Processor Information for processor 4
  Max Mhz: 2600, Current Mhz: 2600, Mhz Limit: 2600
Processor Information for processor 5
  Max Mhz: 2600, Current Mhz: 2600, Mhz Limit: 2600
Processor Information for processor 6
  Max Mhz: 2600, Current Mhz: 2600, Mhz Limit: 2600
Processor Information for processor 7
  Max Mhz: 2600, Current Mhz: 2600, Mhz Limit: 2600
Processor Information for processor 8
  Max Mhz: 2600, Current Mhz: 1500, Mhz Limit: 1898
Processor Information for processor 9
  Max Mhz: 2600, Current Mhz: 1900, Mhz Limit: 1898
Processor Information for processor 10
  Max Mhz: 2600, Current Mhz: 1900, Mhz Limit: 1898
Processor Information for processor 11
  Max Mhz: 2600, Current Mhz: 1900, Mhz Limit: 1898
Processor Information for processor 12
  Max Mhz: 2600, Current Mhz: 1500, Mhz Limit: 1898
Processor Information for processor 13
  Max Mhz: 2600, Current Mhz: 1900, Mhz Limit: 1898
Processor Information for processor 14
  Max Mhz: 2600, Current Mhz: 1500, Mhz Limit: 1898
Processor Information for processor 15
  Max Mhz: 2600, Current Mhz: 1900, Mhz Limit: 1898

Memory: 4k page, system-wide physical 16008M (2308M free)
TotalPageFile size 34101M (AvailPageFile size 7130M)
current process WorkingSet (physical memory assigned to process): 44M, peak: 380M
current process commit charge ("private bytes"): 511M, peak: 520M

vm_info: OpenJDK 64-Bit Server VM (25.0.2+10-LTS) for windows-amd64 JRE (25.0.2+10-LTS), built on 2026-01-20T00:00:00Z with MS VC++ 17.12 (VS2022)

END.
